Genot,Temp,Family,meangr
P4448,20,O,2.29078468191647
P4448,25,O,3.23180534655093
P4448,30,O,4.35720294426919
P4448,35,O,4.88045260770975
P4448,37.5,O,4.10780381553252
P4448,40,O,2.74807051737481
P4451,20,O,2.3984579492432
P4451,25,O,2.97001251849323
P4451,30,O,3.72677882930249
P4451,35,O,4.39474938661059
P4451,37.5,O,3.878899404136
P4451,40,O,2.58765790372141
P4452,20,O,2.37315921526582
P4452,25,O,3.08868517766603
P4452,30,O,3.6577637574483
P4452,35,O,3.39782684893095
P4452,37.5,O,3.1715485205441
P4452,40,O,2.20099766802526
P4457,20,O,2.41012290884261
P4457,25,O,3.36049650487524
P4457,30,O,4.76791383219955
P4457,35,O,5.09101133786848
P4457,37.5,O,4.93907845804989
P4457,40,O,3.63532202888972
P4459,20,O,2.51342892909981
P4459,25,O,3.32130252886458
P4459,30,O,4.5437641723356
P4459,35,O,4.82183854875284
P4459,37.5,O,4.09078163336838
P4459,40,O,3.12964073683557
P4463,20,O,1.40834755889382
P4463,25,O,1.85390349379766
P4463,30,O,1.50409696142028
P4463,35,O,1.39409070217367
P4463,37.5,O,1.37657903721407
P4463,40,O,1.24623022647092
P4468,20,O,2.20560202571981
P4468,25,O,2.99146466370775
P4468,30,O,4.02386961093586
P4468,35,O,4.53684807256236
P4468,37.5,O,3.80224325271644
P4468,40,O,2.22351200637305
P4471,20,O,2.42692329577785
P4471,25,O,3.27094142943954
P4471,30,O,4.64795918367347
P4471,35,O,4.88406802721089
P4471,37.5,O,4.07157378198388
P4471,40,O,2.67661948208309
P4472,20,O,2.17370831910777
P4472,25,O,2.70955673153522
P4472,30,O,3.3600833234905
P4472,35,O,3.95103399929898
P4472,37.5,O,3.09270605861015
P4472,40,O,2.80182371685444
P4479,20,O,2.12383350404006
P4479,25,O,2.90439000796631
P4479,30,O,3.82225727304592
P4479,35,O,4.92006893424036
P4479,37.5,O,4.31159860368964
P4479,40,O,3.31366959659101
P4486,20,O,1.96480936663727
P4486,25,O,2.75704347438986
P4486,30,O,3.06363290101514
P4486,35,O,3.70608514106076
P4486,37.5,O,2.73729657448503
P4486,40,O,2.50569022419483
P4496,20,O,2.11418146124957
P4496,25,O,3.03436772753747
P4496,30,O,3.67914475990186
P4496,35,O,4.63163265306122
P4496,37.5,O,4.1335436382755
P4496,40,O,2.68494651189257
X10881,20,O,2.21173007246377
X10881,25,O,3.20603083088309
X10881,30,O,4.08673245614035
X10881,35,O,4.68732009211284
X10881,37.5,O,4.47679093567251
X10881,40,O,3.00660650761904
X10882,20,O,2.18070652173913
X10882,25,O,2.84734934436189
X10882,30,O,3.46222222222222
X10882,35,O,3.61573238935764
X10882,37.5,O,3.51138888888889
X10882,40,O,2.16976751207729
X10883,20,O,2.33922101449275
X10883,25,O,3.36850600600601
X10883,30,O,4.28399122807018
X10883,35,O,4.83333333333333
X10883,37.5,O,3.71860380116959
X10883,40,O,1.9981884057971
X10884,20,O,2.07835144927536
X10884,25,O,2.65238035070618
X10884,30,O,3.3475
X10884,35,O,3.86744172494172
X10884,37.5,O,3.755
X10884,40,O,2.82259476273037
X10885,20,O,2.31544384057971
X10885,25,O,3.24114882895996
X10885,30,O,3.95609649122807
X10885,35,O,4.68038073038073
X10885,37.5,O,4.17854532163743
X10885,40,O,2.67290204512456
X10886,20,O,2.28623188405797
X10886,25,O,3.18447455607782
X10886,30,O,4.06972222222222
X10886,35,O,4.28590643274854
X10886,37.5,O,3.36655662241189
X10886,40,O,2.48369565217391
X10887,20,O,2.16191123188406
X10887,25,O,3.05814171839135
X10887,30,O,4.04225877192983
X10887,35,O,4.81440399357634
X10887,37.5,O,4.42123538011696
X10887,40,O,3.20941611102073
X10888,20,O,2.21399456521739
X10888,25,O,3.24174174174174
X10888,30,O,4.04798976608187
X10888,35,O,4.57598684210526
X10888,37.5,O,3.56393274853801
X10888,40,O,2.39809782608696
X10889,20,O,2.34352355072464
X10889,25,O,3.39107357357357
X10889,30,O,4.25619939271255
X10889,35,O,4.64009502923977
X10889,37.5,O,3.88634502923977
X10889,40,O,2.81693922183053
X10890,20,O,2.28147644927536
X10890,25,O,3.18820382882883
X10890,30,O,4.20973684210526
X10890,35,O,4.68245614035088
X10890,37.5,O,3.94134502923977
X10890,40,O,2.93129814597206
X10891,20,O,2.21059782608696
X10891,25,O,3.04081951528612
X10891,30,O,3.98472222222222
X10891,35,O,4.47211870731608
X10891,37.5,O,4.1281432748538
X10891,40,O,2.81863949559831
X10892,20,O,2.15307971014493
X10892,25,O,2.88313172769478
X10892,30,O,3.52472222222222
X10892,35,O,4.04611013986014
X10892,37.5,O,3.88333333333333
X10892,40,O,2.53532197795807
X10893,20,O,2.16032608695652
X10893,25,O,3.22139598837968
X10893,30,O,4.08525584795322
X10893,35,O,4.45266812865497
X10893,37.5,O,4.13792397660819
X10893,40,O,2.56861413043478
X10894,20,O,2.2888134057971
X10894,25,O,3.18097597597598
X10894,30,O,4.37701023391813
X10894,35,O,4.63333333333333
X10894,37.5,O,4.40361111111111
X10894,40,O,3.14550120772947
X10895,20,O,2.29461050724638
X10895,25,O,3.26228228228228
X10895,30,O,4.1374269005848
X10895,35,O,4.64184941520468
X10895,37.5,O,3.9893932748538
X10895,40,O,3.02779409844627
X10896,20,O,1.99365942028985
X10896,25,O,2.9190851678431
X10896,30,O,4.08763157894737
X10896,35,O,4.55082326299431
X10896,37.5,O,4.22916666666667
X10896,40,O,2.90175044167035
X10897,20,O,2.11186594202899
X10897,25,O,2.81308179862241
X10897,30,O,3.39305555555556
X10897,35,O,3.38729754630977
X10897,37.5,O,2.92548798798799
X10897,40,O,1.72980765067065
X10898,20,O,2.5857306763285
X10898,25,O,3.13551981293521
X10898,30,O,4.05333333333333
X10898,35,O,4.35719799206641
X10898,37.5,O,4.93852339181287
X10898,40,O,3.07769993970023
X10899,20,O,1.79959239130435
X10899,25,O,2.27137457535081
X10899,30,O,2.99430555555556
X10899,35,O,3.71760305671163
X10899,37.5,O,2.63465163533098
X10899,40,O,1.52139039894582
X10900,20,O,2.390625
X10900,25,O,3.40386261261261
X10900,30,O,4.01619883040936
X10900,35,O,4.20365497076023
X10900,37.5,O,3.18126020041781
X10900,40,O,2.15738224637681
X10901,20,O,2.18229166666667
X10901,25,O,3.00054704992876
X10901,30,O,3.84611111111111
X10901,35,O,4.23262610927085
X10901,37.5,O,3.64083333333333
X10901,40,O,2.32053496868311
X10902,20,O,2.15964673913043
X10902,25,O,3.08364342603473
X10902,30,O,3.96833333333333
X10902,35,O,4.50219298245614
X10902,37.5,O,4.16358187134503
X10902,40,O,2.75832354093224
X10903,20,O,2.45082077930333
X10903,25,O,3.36030593093093
X10903,30,O,4.48793859649123
X10903,35,O,5.17708333333333
X10903,37.5,O,4.23111111111111
X10903,40,O,3.33042343974409
X10904,20,O,1.95833333333333
X10904,25,O,2.92232789855072
X10904,30,O,4.04944444444445
X10904,35,O,4.74031432748538
X10904,37.5,O,4.05464912280702
X10904,40,O,2.84125905797101
X10905,20,O,1.54205224245985
X10905,25,O,2.72634265870532
X10905,30,O,3.52
X10905,35,O,4.02991647241647
X10905,37.5,O,3.86944444444444
X10905,40,O,2.77779844450233
X10906,20,O,2.18840579710145
X10906,25,O,2.96428425708317
X10906,30,O,3.52027777777778
X10906,35,O,3.68945906432749
X10906,37.5,O,3.43388888888889
X10906,40,O,2.23278985507246
X10907,20,O,1.99003623188406
X10907,25,O,2.68942344588196
X10907,30,O,3.52444444444444
X10907,35,O,4.36826514129146
X10907,37.5,O,3.98805555555556
X10907,40,O,2.76787521216869
X10908,20,O,2.31357265446224
X10908,25,O,3.43841028528529
X10908,30,O,4.23611111111111
X10908,35,O,4.6875
X10908,37.5,O,4.2561769005848
X10908,40,O,3.08924908604256
X10909,20,O,2.20923913043478
X10909,25,O,3.17309905013709
X10909,30,O,4.24889619883041
X10909,35,O,5.1125
X10909,37.5,O,4.27758040935673
X10909,40,O,3.17663533098316
X10910,20,O,2.20636473429952
X10910,25,O,3.55063381316099
X10910,30,O,3.85444444444445
X10910,35,O,4.85040204678363
X10910,37.5,O,4.23465204678363
X10910,40,O,2.85134057971015
X10911,20,O,2.09954434733647
X10911,25,O,3.21803851818522
X10911,30,O,4.04927631578947
X10911,35,O,4.50938592657343
X10911,37.5,O,4.16433662280702
X10911,40,O,2.83775200416506
X10912,20,O,2.44595013348589
X10912,25,O,3.11176801801802
X10912,30,O,3.9269298245614
X10912,35,O,4.475
X10912,37.5,O,3.94932748538012
X10912,40,O,3.17054037733386
X10914,20,O,2.16191123188406
X10914,25,O,2.75052634155895
X10914,30,O,3.605
X10914,35,O,4.11515366212735
X10914,37.5,O,3.82083333333333
X10914,40,O,2.52044250436502
X10915,20,O,2.34057971014493
X10915,25,O,3.30036036036036
X10915,30,O,3.78329678362573
X10915,35,O,4.07788011695907
X10915,37.5,O,3.775
X10915,40,O,3.16917270531401
X10916,20,O,2.37794384057971
X10916,25,O,3.23594782282282
X10916,30,O,4.23976608187134
X10916,35,O,5.00625
X10916,37.5,O,4.34582602339181
X10916,40,O,3.24736772098185
X10917,20,O,1.64812218468468
X10917,25,O,1.17672672672673
X10917,30,O,NA
X10917,35,O,4.05111111111111
X10917,37.5,O,3.13894927536232
X10917,40,O,1.94819011946729
X10918,20,O,2.21942934782609
X10918,25,O,3.20324142373815
X10918,30,O,3.94615497076023
X10918,35,O,4.48810164985001
X10918,37.5,O,4.21034356725146
X10918,40,O,2.63634620903803
X10919,20,O,2.22169384057971
X10919,25,O,3.09079775498871
X10919,30,O,3.8825
X10919,35,O,4.15002382120803
X10919,37.5,O,3.82055555555556
X10919,40,O,2.42129938463007
X10920,20,O,2.24320652173913
X10920,25,O,3.078347570444
X10920,30,O,3.71611111111111
X10920,35,O,3.94891656755603
X10920,37.5,O,3.75777777777778
X10920,40,O,2.44122848149117
X10921,20,O,2.22644927536232
X10921,25,O,2.99230607818855
X10921,30,O,3.54083333333333
X10921,35,O,3.53557681117254
X10921,37.5,O,3.4204710960961
X10921,40,O,2.64198849606864
X10922,20,O,2.28759057971015
X10922,25,O,3.02521003417505
X10922,30,O,3.76472222222222
X10922,35,O,4.34795321637427
X10922,37.5,O,4.39391447368421
X10922,40,O,3.02957683558443
X10923,20,O,2.06929347826087
X10923,25,O,2.6838768115942
X10923,30,O,3.02815315315315
X10923,35,O,2.62432065217391
X10923,37.5,O,1.76097360947904
X10923,40,O,0.898777173913044
X10925,20,O,2.42481884057971
X10925,25,O,3.3217620761218
X10925,30,O,4.1581067251462
X10925,35,O,4.43610957755695
X10925,37.5,O,4.4000365497076
X10925,40,O,2.94528600053719
X10926,20,O,2.23414855072464
X10926,25,O,3.16840277777778
X10926,30,O,4.01127923976608
X10926,35,O,4.90208333333333
X10926,37.5,O,4.12756578947368
X10926,40,O,3.01530470688079
X10927,20,O,2.11571557971015
X10927,25,O,2.94650880921857
X10927,30,O,3.88282894736842
X10927,35,O,4.83210636154289
X10927,37.5,O,4.39199561403509
X10927,40,O,2.86051944736858
X10928,20,O,2.0625
X10928,25,O,2.71082427536232
X10928,30,O,3.34076764264264
X10928,35,O,3.99517543859649
X10928,37.5,O,3.46804804804805
X10928,40,O,2.51086956521739
X10929,20,O,1.29619565217391
X10929,25,O,2.06250148161002
X10929,30,O,2.83944746376812
X10929,35,O,3.6843999478074
X10929,37.5,O,3.62861111111111
X10929,40,O,2.46931706154142
X10930,20,O,2.01403985507246
X10930,25,O,2.84545543190631
X10930,30,O,3.78083333333333
X10930,35,O,4.35474941724942
X10930,37.5,O,3.91270467836257
X10930,40,O,2.66399072093326
X10931,20,O,2.15658967391304
X10931,25,O,2.94938858695652
X10931,30,O,3.85625
X10931,35,O,3.98137061403509
X10931,37.5,O,3.28304054054054
X10931,40,O,2.74184782608696
X10932,20,O,2.2398097826087
X10932,25,O,3.14602355072464
X10932,30,O,3.67083333333333
X10932,35,O,3.97079678362573
X10932,37.5,O,3.06494899791095
X10932,40,O,1.92351147342995
X10934,20,O,2.1995018115942
X10934,25,O,3.07573198198198
X10934,30,O,3.97896198830409
X10934,35,O,4.68019289913038
X10934,37.5,O,4.25542397660819
X10934,40,O,2.82363011303229
X10935,20,O,2.26970108695652
X10935,25,O,3.36322276080428
X10935,30,O,4.13270467836257
X10935,35,O,4.98720760233918
X10935,37.5,O,4.0909283625731
X10935,40,O,2.68342391304348
X10936,20,O,2.32586050724638
X10936,25,O,2.8554840352767
X10936,30,O,3.58611111111111
X10936,35,O,3.69972779879094
X10936,37.5,O,3.32416666666667
X10936,40,O,1.94032762308979
X10937,20,O,2.230794653349
X10937,25,O,3.17416601383993
X10937,30,O,4.19861111111111
X10937,35,O,4.45486111111111
X10937,37.5,O,3.99055555555556
X10937,40,O,2.31044971602037
X10938,20,O,2.32042572463768
X10938,25,O,2.95176630434783
X10938,30,O,3.47305555555556
X10938,35,O,3.62916666666667
X10938,37.5,O,3.3899269005848
X10938,40,O,1.72984601449275
X10939,20,O,2.23342228097663
X10939,25,O,3.13661974474475
X10939,30,O,3.71944444444444
X10939,35,O,3.62853070175439
X10939,37.5,O,2.99457729468599
X10939,40,O,1.94655797101449
X10941,20,O,2.26955917874396
X10941,25,O,3.08049965726596
X10941,30,O,4.08361111111111
X10941,35,O,5.15
X10941,37.5,O,4.41456140350877
X10941,40,O,2.89213466183575
X10942,20,O,2.13111413043478
X10942,25,O,2.94299190494843
X10942,30,O,3.60638888888889
X10942,35,O,4.32273391812866
X10942,37.5,O,3.99131578947368
X10942,40,O,2.65699055033294
X10943,20,O,2.42844202898551
X10943,25,O,3.23648648648649
X10943,30,O,4.12008040935673
X10943,35,O,4.63578216374269
X10943,37.5,O,3.85722222222222
X10943,40,O,2.50249094202899
X10946,20,O,2.40335144927536
X10946,25,O,3.1282008911085
X10946,30,O,4.01722222222222
X10946,35,O,4.33870614035088
X10946,37.5,O,3.76416666666667
X10946,40,O,2.54551630434783
X10948,20,O,2.24796195652174
X10948,25,O,2.99031776341559
X10948,30,O,3.75944444444444
X10948,35,O,4.18304093567251
X10948,37.5,O,3.34380255255255
X10948,40,O,2.59272342995169
X10950,20,O,2.10303442028985
X10950,25,O,3.0590166980044
X10950,30,O,3.87555555555556
X10950,35,O,4.47220560871877
X10950,37.5,O,4.11672514619883
X10950,40,O,2.96888322103381
X10951,20,O,1.68138586956522
X10951,25,O,1.88564311594203
X10951,30,O,2.1213768115942
X10951,35,O,2.7860809178744
X10951,37.5,O,3.31646771771772
X10951,40,O,2.50973731884058
X10954,20,O,2.26268115942029
X10954,25,O,3.1553538937409
X10954,30,O,3.88722222222222
X10954,35,O,4.36013858217806
X10954,37.5,O,4.36421783625731
X10954,40,O,2.82373095953332
X10982,20,O,2.33310688405797
X10982,25,O,3.16136448948949
X10982,30,O,4.05152046783626
X10982,35,O,4.47631578947368
X10982,37.5,O,4.13366228070175
X10982,40,O,1.90783514492754
X10983,20,O,0.585371376811594
X10983,25,O,0.744344806763285
X10983,30,O,1.44384057971014
X10983,35,O,1.24230072463768
X10983,37.5,O,2.45606884057971
X10983,40,O,1.75384963768116
X1131,20,O,2.50905797101449
X1131,25,O,3.71277777777778
X1131,30,O,4.46929824561404
X1131,35,O,4.58837719298246
X1131,37.5,O,4.04042397660819
X1131,40,O,2.80503533424729
X1132,20,O,2.43523550724638
X1132,25,O,3.45147522522523
X1132,30,O,4.05687134502924
X1132,35,O,4.9875
X1132,37.5,O,4.51051169590643
X1132,40,O,2.77953804347826
X1133,20,O,2.42640398550725
X1133,25,O,3.46787537537538
X1133,30,O,4.28508771929825
X1133,35,O,4.82083333333333
X1133,37.5,O,4.06896198830409
X1133,40,O,3.07335193889542
X1165,20,O,2.60620471014493
X1165,25,O,3.65194444444445
X1165,30,O,4.39236111111111
X1165,35,O,5.05208333333333
X1165,37.5,O,4.16513888888889
X1165,40,O,2.88580615942029
X2229,20,O,2.43432971014493
X2229,25,O,3.32361486486487
X2229,30,O,4.08954678362573
X2229,35,O,4.66323099415205
X2229,37.5,O,3.84529970760234
X2229,40,O,2.67389672280977
X2489,20,O,2.33763586956522
X2489,25,O,3.29293355855856
X2489,30,O,4.18106725146199
X2489,35,O,4.875
X2489,37.5,O,3.95489766081871
X2489,40,O,2.97178050332942
X3200,20,O,2.24909420289855
X3200,25,O,2.89295885559472
X3200,30,O,3.47083333333333
X3200,35,O,3.80138888888889
X3200,37.5,O,3.80472222222222
X3200,40,O,2.72827515015015
X3210,20,O,2.20652173913044
X3210,25,O,2.89253062705213
X3210,30,O,3.43222222222222
X3210,35,O,3.73851598616364
X3210,37.5,O,3.00673611111111
X3210,40,O,2.67433042289812
X3211,20,O,2.0973731884058
X3211,25,O,2.9619389597217
X3211,30,O,3.85944444444445
X3211,35,O,3.85070707070707
X3211,37.5,O,3.89722222222222
X3211,40,O,2.51757294183428
X3212,20,O,2.06227355072464
X3212,25,O,2.67810364901188
X3212,30,O,3.26957582582583
X3212,35,O,3.45491651310898
X3212,37.5,O,3.60916666666667
X3212,40,O,2.45858534532023
X3223,20,O,2.18999094202899
X3223,25,O,2.86874288004964
X3223,30,O,3.53777777777778
X3223,35,O,3.73453286134549
X3223,37.5,O,3.725
X3223,40,O,2.74322956170928
X3943,20,O,2.18319746376812
X3943,25,O,3.01854435957697
X3943,30,O,3.81166666666667
X3943,35,O,4.84557748538012
X3943,37.5,O,3.98200292397661
X3943,40,O,2.52337258454106
X3968,20,O,2.34261775362319
X3968,25,O,2.98108230513122
X3968,30,O,3.38836654589372
X3968,35,O,3.73416666666667
X3968,37.5,O,3.60491929429429
X3968,40,O,2.36616847826087
X3975,20,O,2.28034420289855
X3975,25,O,3.29438813813814
X3975,30,O,4.18658625730994
X3975,35,O,4.22671783625731
X3975,37.5,O,3.90486950766556
X3975,40,O,2.51471920289855
X4494,20,O,1.84157608695652
X4494,25,O,3.15502001847585
X4494,30,O,4.19604532163743
X4494,35,O,4.6111013986014
X4494,37.5,O,4.26879385964912
X4494,40,O,2.97551939822718
X4498,20,O,2.20061773730252
X4498,25,O,3.14428490990991
X4498,30,O,3.92852339181287
X4498,35,O,4.20259502923977
X4498,37.5,O,3.45868993993994
X4498,40,O,2.65647644927536
X4708,20,O,2.36163949275362
X4708,25,O,3.329253003003
X4708,30,O,4.01873538011696
X4708,35,O,4.50606725146199
X4708,37.5,O,3.74450292397661
X4708,40,O,2.29551630434783
X4712,20,O,2.25022644927536
X4712,25,O,3.11824324324324
X4712,30,O,3.64388888888889
X4712,35,O,3.98597222222222
X4712,37.5,O,3.55319444444445
X4712,40,O,2.33152173913044
X4713,20,O,1.91349637681159
X4713,25,O,3.46892642642643
X4713,30,O,4.3828581871345
X4713,35,O,5.01666666666667
X4713,37.5,O,4.13194444444445
X4713,40,O,2.8993327294686
X4715,20,O,2.26947463768116
X4715,25,O,3.42001501501502
X4715,30,O,3.96472222222222
X4715,35,O,4.23456871345029
X4715,37.5,O,3.56379504504505
X4715,40,O,1.14346618357488
X4716,20,O,2.52875905797101
X4716,25,O,3.57083333333333
X4716,30,O,4.51973684210526
X4716,35,O,4.39894005847953
X4716,37.5,O,3.69504692192192
X4716,40,O,2.49524456521739
X4730,20,O,2.46807065217391
X4730,25,O,3.14168992361927
X4730,30,O,3.55222222222222
X4730,35,O,3.85305555555556
X4730,37.5,O,3.48758445945946
X4730,40,O,2.24048913043478
X4824,20,O,2.46897644927536
X4824,25,O,3.56194444444445
X4824,30,O,4.44901315789474
X4824,35,O,5.00581140350877
X4824,37.5,O,4.1040350877193
X4824,40,O,2.56836352657005
X5910,20,O,2.37590579710145
X5910,25,O,3.6475
X5910,30,O,4.5349269005848
X5910,35,O,5.09375
X5910,37.5,O,4.39894005847953
X5910,40,O,2.81637003851678
X5914,20,O,2.42074275362319
X5914,25,O,3.51353603603604
X5914,30,O,4.26626461988304
X5914,35,O,4.42945906432749
X5914,37.5,O,3.83388888888889
X5914,40,O,2.70257548309179
X6203,20,O,2.40217391304348
X6203,25,O,3.22093468468469
X6203,30,O,3.78361111111111
X6203,35,O,4.33654970760234
X6203,37.5,O,4.04555555555556
X6203,40,O,3.35175120772947
X847,20,O,2.26947463768116
X847,25,O,3.28520806286636
X847,30,O,3.98039473684211
X847,35,O,4.63442338575281
X847,37.5,O,4.44097222222222
X847,40,O,3.21381800629499
X851,20,O,2.24184782608696
X851,25,O,3.32719406906907
X851,30,O,3.99997076023392
X851,35,O,4.10873538011696
X851,37.5,O,3.25117149758454
X851,40,O,2.31800822561692
X8783,20,O,1.17866847826087
X8783,25,O,1.61888586956522
X8783,30,O,1.45221920289855
X8783,35,O,3.52187875375375
X8783,37.5,O,3.77097222222222
X8783,40,O,2.41530797101449
X8784,20,O,2.15194746376812
X8784,25,O,3.17435378313096
X8784,30,O,4.33959795321637
X8784,35,O,4.72737573099415
X8784,37.5,O,3.68626313813814
X8784,40,O,2.22758152173913
X8787,20,O,2.06067648741419
X8787,25,O,3.26323198198198
X8787,30,O,4.17584795321638
X8787,35,O,4.13306286549708
X8787,37.5,O,3.4667210960961
X8787,40,O,2.46638586956522
X8789,20,O,2.2932518115942
X8789,25,O,3.39241741741742
X8789,30,O,4.11669590643275
X8789,35,O,4.54239766081871
X8789,37.5,O,3.88416666666667
X8789,40,O,2.34889509074292
X8790,20,O,2.3317481884058
X8790,25,O,3.60972222222222
X8790,30,O,4.33676900584795
X8790,35,O,4.92083333333333
X8790,37.5,O,3.92705409356725
X8790,40,O,2.27010869565217
X8816,20,O,2.1388134057971
X8816,25,O,3.25875935979648
X8816,30,O,4.25236842105263
X8816,35,O,4.94816919191919
X8816,37.5,O,4.7218567251462
X8816,40,O,2.84432490419712
X8819,20,O,2.18093297101449
X8819,25,O,3.17131193693694
X8819,30,O,4.04464912280702
X8819,35,O,4.41264619883041
X8819,37.5,O,3.89888888888889
X8819,40,O,2.05910326086956
X8829,20,O,2.29347826086957
X8829,25,O,3.05141622600862
X8829,30,O,3.53388888888889
X8829,35,O,4.32701023391813
X8829,37.5,O,3.75703216374269
X8829,40,O,2.41304347826087
X8845,20,O,2.22780797101449
X8845,25,O,3.05943375440658
X8845,30,O,3.69805555555556
X8845,35,O,3.78894736842105
X8845,37.5,O,3.27368357487923
X8845,40,O,2.60552536231884
X8848,20,O,2.28935688405797
X8848,25,O,3.30143581081081
X8848,30,O,3.94777777777778
X8848,35,O,4.18548976608187
X8848,37.5,O,3.63510233918129
X8848,40,O,2.60371376811594
X8850,20,O,2.36245471014493
X8850,25,O,3.4203490990991
X8850,30,O,4.05547514619883
X8850,35,O,4.16885964912281
X8850,37.5,O,3.81944444444445
X8850,40,O,2.91711956521739
X8851,20,O,2.24003623188406
X8851,25,O,3.02923439744092
X8851,30,O,3.99801900584795
X8851,35,O,4.68644005847953
X8851,37.5,O,3.46111861861862
X8851,40,O,2.39538043478261
XA1,20,A,2.26426630434783
XA1,25,A,3.25520459347709
XA1,30,A,4.14979532163743
XA1,35,A,4.09469610068294
XA1,37.5,A,3.67083333333333
XA1,40,A,2.45119789947999
XA10,20,A,2.19384057971014
XA10,25,A,3.00520517096355
XA10,30,A,3.77888888888889
XA10,35,A,4.22885295260295
XA10,37.5,A,3.66805555555556
XA10,40,A,2.64832840411557
XA11,20,A,2.27151268115942
XA11,25,A,3.15388845450254
XA11,30,A,4.05198099415205
XA11,35,A,4.4956370384002
XA11,37.5,A,3.98183142150247
XA11,40,A,2.85696544774808
XA12,20,A,2.17572463768116
XA12,25,A,2.98215554819097
XA12,30,A,3.74722222222222
XA12,35,A,3.94254273504274
XA12,37.5,A,3.59220760233918
XA12,40,A,2.58262356311485
XA13,20,A,2.23731884057971
XA13,25,A,2.96244059336466
XA13,30,A,3.94166666666667
XA13,35,A,3.98502331002331
XA13,37.5,A,3.66472222222222
XA13,40,A,2.5792481884058
XA14,20,A,2.19429347826087
XA14,25,A,3.01153645338903
XA14,30,A,3.75361111111111
XA14,35,A,4.19688090418354
XA14,37.5,A,3.69944444444444
XA14,40,A,2.84258927147252
XA15,20,A,2.25019927536232
XA15,25,A,3.18904272722504
XA15,30,A,4.06413742690059
XA15,35,A,4.51167034719666
XA15,37.5,A,3.9225
XA15,40,A,2.81971451231878
XA16,20,A,2.25452898550725
XA16,25,A,3.11180313239953
XA16,30,A,3.87222222222222
XA16,35,A,4.62270948853135
XA16,37.5,A,4.32580409356725
XA16,40,A,2.92430645391845
XA17,20,A,2.26403985507246
XA17,25,A,3.07308213615172
XA17,30,A,3.805
XA17,35,A,4.41670500552079
XA17,37.5,A,3.9175
XA17,40,A,2.70577992662593
XA18,20,A,2.10076992753623
XA18,25,A,2.90348873328428
XA18,30,A,3.68111111111111
XA18,35,A,4.21387529137529
XA18,37.5,A,3.86055555555556
XA18,40,A,2.33775473419837
XA19,20,A,2.17934782608696
XA19,25,A,2.90576993859892
XA19,30,A,3.63638888888889
XA19,35,A,3.74374514374514
XA19,37.5,A,3.47397897897898
XA19,40,A,2.50570635184785
XA2,20,A,2.38994565217391
XA2,25,A,3.37849115491037
XA2,30,A,4.30818713450292
XA2,35,A,4.72531872367399
XA2,37.5,A,4.05777777777778
XA2,40,A,2.8643059166733
XA20,20,A,2.11616847826087
XA20,25,A,2.94464258509104
XA20,30,A,3.72
XA20,35,A,3.88936006853522
XA20,37.5,A,3.44916666666667
XA20,40,A,2.54915851662627
XA21,20,A,2.2638134057971
XA21,25,A,3.14566599659276
XA21,30,A,3.995
XA21,35,A,4.58300873103505
XA21,37.5,A,4.08898391812865
XA21,40,A,2.90270421090161
XA22,20,A,2.25566123188406
XA22,25,A,3.00182834627352
XA22,30,A,3.9871783625731
XA22,35,A,4.02510233918129
XA22,37.5,A,3.74722222222222
XA22,40,A,2.41379360753628
XA23,20,A,2.27898550724638
XA23,25,A,3.15478373760128
XA23,30,A,3.88998015873016
XA23,35,A,4.5406621886885
XA23,37.5,A,3.85222222222222
XA23,40,A,1.74853168496119
XA24,20,A,2.24660326086956
XA24,25,A,3.25976443146203
XA24,30,A,4.03888888888889
XA24,35,A,4.15199845468594
XA24,37.5,A,3.93527777777778
XA24,40,A,2.76835144927536
XA25,20,A,2.11571557971014
XA25,25,A,2.96942403378482
XA25,30,A,3.56777777777778
XA25,35,A,3.8581868069699
XA25,37.5,A,3.58021021021021
XA25,40,A,2.58072463768116
XA26,20,A,2.26086956521739
XA26,25,A,3.14101410362327
XA26,30,A,4.03805555555556
XA26,35,A,4.27595412628307
XA26,37.5,A,4.10837719298246
XA26,40,A,2.56938921002292
XA27,20,A,2.74026268115942
XA27,25,A,3.2309874831163
XA27,30,A,3.94666666666667
XA27,35,A,4.50606643356643
XA27,37.5,A,4.04222222222222
XA27,40,A,2.62418916422339
XA28,20,A,2.10665760869565
XA28,25,A,2.98192196743271
XA28,30,A,3.77111111111111
XA28,35,A,3.86602398732745
XA28,37.5,A,3.65978603603604
XA28,40,A,2.38115176332927
XA29,20,A,2.24139492753623
XA29,25,A,3.21355641584721
XA29,30,A,3.89333333333333
XA29,35,A,3.98952348624446
XA29,37.5,A,3.65666666666667
XA29,40,A,2.31902556365976
XA3,20,A,2.17255434782609
XA3,25,A,2.90696794870579
XA3,30,A,3.845
XA3,35,A,4.25674968306547
XA3,37.5,A,3.95388888888889
XA3,40,A,2.73795765849654
XA30,20,A,2.27309782608696
XA30,25,A,3.23677349149985
XA30,30,A,4.10010964912281
XA30,35,A,4.12183290393817
XA30,37.5,A,3.78666666666667
XA30,40,A,2.69946256038647
XA31,20,A,2.38088768115942
XA31,25,A,3.36527535996695
XA31,30,A,4.50712719298246
XA31,35,A,4.60446749887539
XA31,37.5,A,4.065
XA31,40,A,2.43320558299102
XA32,20,A,2.19723731884058
XA32,25,A,3.01274022627306
XA32,30,A,3.93222222222222
XA32,35,A,4.44249151433362
XA32,37.5,A,4.035
XA32,40,A,2.7318602929463
XA33,20,A,2.28940217391304
XA33,25,A,3.25312312312312
XA33,30,A,4.28147660818713
XA33,35,A,4.56834795321637
XA33,37.5,A,3.73166666666667
XA33,40,A,2.50304992492492
XA34,20,A,2.26902173913043
XA34,25,A,3.06517658963311
XA34,30,A,4.03055555555556
XA34,35,A,4.6703216374269
XA34,37.5,A,3.88805555555556
XA34,40,A,2.99074275362319
XA35,20,A,2.25498188405797
XA35,25,A,3.07562793772033
XA35,30,A,3.99
XA35,35,A,4.33429093567251
XA35,37.5,A,3.81972222222222
XA35,40,A,2.66349637681159
XA36,20,A,2.32359601449275
XA36,25,A,3.35550863363363
XA36,30,A,4.01432748538012
XA36,35,A,4.67463450292398
XA36,37.5,A,3.5475
XA36,40,A,2.74320652173913
XA37,20,A,2.24207427536232
XA37,25,A,3.14673097010054
XA37,30,A,3.79361111111111
XA37,35,A,4.18097953216374
XA37,37.5,A,3.39459834834835
XA37,40,A,2.66145833333333
XA38,20,A,2.36163949275362
XA38,25,A,3.29349099099099
XA38,30,A,4.20109649122807
XA38,35,A,4.67854532163743
XA38,37.5,A,4.02171052631579
XA38,40,A,2.83605072463768
XA39,20,A,2.17278079710145
XA39,25,A,3.23340277777778
XA39,30,A,4.04166666666667
XA39,35,A,4.48813596491228
XA39,37.5,A,3.65190878378378
XA39,40,A,2.46422101449275
XA4,20,A,2.19882246376812
XA4,25,A,3.08535742565534
XA4,30,A,3.98222222222222
XA4,35,A,4.09993763260834
XA4,37.5,A,3.70172514619883
XA4,40,A,2.61684112920967
XA40,20,A,2.26607789855072
XA40,25,A,3.14964420942682
XA40,30,A,4.07190058479532
XA40,35,A,4.80555555555556
XA40,37.5,A,4.01017543859649
XA40,40,A,2.66621874591983
XA41,20,A,2.31511334704269
XA41,25,A,3.18796921921922
XA41,30,A,4.03722222222222
XA41,35,A,4.70361842105263
XA41,37.5,A,3.93022660818713
XA41,40,A,2.8443110229795
XA42,20,A,2.19524619728424
XA42,25,A,2.97554347826087
XA42,30,A,4.12720029239766
XA42,35,A,4.59265350877193
XA42,37.5,A,3.64644144144144
XA42,40,A,2.45018115942029
XA43,20,A,2.10665760869565
XA43,25,A,2.91938405797102
XA43,30,A,3.88833333333333
XA43,35,A,4.30508040935673
XA43,37.5,A,3.4019481981982
XA43,40,A,2.47509057971014
XA44,20,A,2.28555253623188
XA44,25,A,3.11111927144536
XA44,30,A,3.96333333333333
XA44,35,A,4.64038742690058
XA44,37.5,A,3.85694444444445
XA44,40,A,2.84527394242068
XA45,20,A,2.27287137681159
XA45,25,A,3.06111274317796
XA45,30,A,3.87
XA45,35,A,4.35380116959064
XA45,37.5,A,3.88555555555556
XA45,40,A,2.89956056600078
XA46,20,A,2.2776268115942
XA46,25,A,3.0770723168821
XA46,30,A,4.00194444444445
XA46,35,A,4.46070906432749
XA46,37.5,A,3.86616228070175
XA46,40,A,2.93021282151717
XA47,20,A,2.20833333333333
XA47,25,A,3.00249094202899
XA47,30,A,3.95
XA47,35,A,4.44206871345029
XA47,37.5,A,3.58711711711712
XA47,40,A,2.57427536231884
XA48,20,A,2.32653985507246
XA48,25,A,3.28106231231231
XA48,30,A,4.38395467836257
XA48,35,A,4.62426900584795
XA48,37.5,A,3.86166666666667
XA48,40,A,2.77626811594203
XA49,20,A,2.19157608695652
XA49,25,A,3.38339902402402
XA49,30,A,4.15987573099415
XA49,35,A,4.56122076023392
XA49,37.5,A,3.74583333333333
XA49,40,A,2.48346920289855
XA5,20,A,2.23958333333333
XA5,25,A,2.98765604233909
XA5,30,A,3.78666666666667
XA5,35,A,4.26216496953339
XA5,37.5,A,3.98083333333333
XA5,40,A,2.67553827089552
XA50,20,A,2.27672101449275
XA50,25,A,3.24338400900901
XA50,30,A,4.18252192982456
XA50,35,A,4.74122807017544
XA50,37.5,A,3.82869883040936
XA50,40,A,2.88144054380467
XA51,20,A,2.21150362318841
XA51,25,A,3.10196949667058
XA51,30,A,4.01722222222222
XA51,35,A,4.37151315789474
XA51,37.5,A,3.52900900900901
XA51,40,A,2.6598731884058
XA52,20,A,2.32042572463768
XA52,25,A,3.38856043543544
XA52,30,A,4.32323830409357
XA52,35,A,4.80391081871345
XA52,37.5,A,3.68749812312312
XA52,40,A,2.67345712560386
XA53,20,A,2.27173913043478
XA53,25,A,3.22377064564565
XA53,30,A,4.13982456140351
XA53,35,A,4.4136769005848
XA53,37.5,A,3.73684872372372
XA53,40,A,2.68342391304348
XA54,20,A,2.16802536231884
XA54,25,A,3.1361204954955
XA54,30,A,3.88333333333333
XA54,35,A,4.34450292397661
XA54,37.5,A,3.69308183183183
XA54,40,A,2.48346920289855
XA55,20,A,2.26517814009662
XA55,25,A,3.16909028593811
XA55,30,A,4.15978801169591
XA55,35,A,4.59448099415205
XA55,37.5,A,3.51587862318841
XA55,40,A,2.62115036231884
XA56,20,A,2.25837862318841
XA56,25,A,3.10838351938895
XA56,30,A,3.95619883040936
XA56,35,A,4.64199561403509
XA56,37.5,A,3.95361111111111
XA56,40,A,2.94156792662227
XA57,20,A,2.42074275362319
XA57,25,A,3.36969782282282
XA57,30,A,4.28220029239766
XA57,35,A,4.97467105263158
XA57,37.5,A,4.05933479532164
XA57,40,A,3.02032004830918
XA58,20,A,2.29732789855072
XA58,25,A,3.12727469317143
XA58,30,A,4.00972222222222
XA58,35,A,4.5391081871345
XA58,37.5,A,3.68972222222222
XA58,40,A,2.72327898550725
XA59,20,A,2.20516304347826
XA59,25,A,3.04324748661705
XA59,30,A,3.91166666666667
XA59,35,A,4.41977339181286
XA59,37.5,A,3.79166666666667
XA59,40,A,2.77672101449275
XA6,20,A,2.30638586956522
XA6,25,A,3.09448671604489
XA6,30,A,4.03694444444444
XA6,35,A,4.81704485198315
XA6,37.5,A,4.05944444444444
XA6,40,A,2.42645977306318
XA60,20,A,2.26132246376812
XA60,25,A,3.22936863493929
XA60,30,A,4.30475877192982
XA60,35,A,4.71977339181287
XA60,37.5,A,3.66111111111111
XA60,40,A,2.7161654589372
XA61,20,A,2.39130434782609
XA61,25,A,3.32624812312312
XA61,30,A,4.28862573099415
XA61,35,A,4.47770467836257
XA61,37.5,A,3.865
XA61,40,A,2.66485507246377
XA62,20,A,2.13360507246377
XA62,25,A,3.30337666470819
XA62,30,A,4.035
XA62,35,A,4.54915935672515
XA62,37.5,A,3.59263325825826
XA62,40,A,3.21906400966184
XA63,20,A,2.23143115942029
XA63,25,A,3.20781311202507
XA63,30,A,4.26448830409357
XA63,35,A,4.3983918128655
XA63,37.5,A,3.47698198198198
XA63,40,A,2.61730072463768
XA64,20,A,2.2638134057971
XA64,25,A,3.21097524154589
XA64,30,A,3.96027777777778
XA64,35,A,4.62090643274854
XA64,37.5,A,3.80083333333333
XA64,40,A,2.78079710144928
XA65,20,A,2.05366847826087
XA65,25,A,2.94836956521739
XA65,30,A,3.73277777777778
XA65,35,A,4.20010964912281
XA65,37.5,A,3.73445906432749
XA65,40,A,2.44610507246377
XA66,20,A,2.3023097826087
XA66,25,A,3.17718533751142
XA66,30,A,3.96527777777778
XA66,35,A,4.39457602339181
XA66,37.5,A,3.88
XA66,40,A,2.46082427536232
XA67,20,A,2.1580615942029
XA67,25,A,3.10125138725682
XA67,30,A,3.90805555555556
XA67,35,A,4.2865350877193
XA67,37.5,A,3.63527777777778
XA67,40,A,2.71988224637681
XA68,20,A,2.11413043478261
XA68,25,A,2.85892210144928
XA68,30,A,3.59583333333333
XA68,35,A,3.88899122807018
XA68,37.5,A,3.45035097597598
XA68,40,A,2.61639492753623
XA69,20,A,2.24501811594203
XA69,25,A,3.04257246376812
XA69,30,A,3.98305555555556
XA69,35,A,4.44608918128655
XA69,37.5,A,3.93
XA69,40,A,2.75045289855072
XA7,20,A,2.22826086956522
XA7,25,A,2.96153760144485
XA7,30,A,3.85638888888889
XA7,35,A,4.54639512534249
XA7,37.5,A,4.12777777777778
XA7,40,A,3.01313585565784
XA70,20,A,2.3062369434652
XA70,25,A,3.16981655568612
XA70,30,A,3.95444444444445
XA70,35,A,4.17111111111111
XA70,37.5,A,3.81416666666667
XA70,40,A,2.6664402173913
XA71,20,A,2.17685688405797
XA71,25,A,3.08084239130435
XA71,30,A,3.8925
XA71,35,A,4.37920321637427
XA71,37.5,A,3.79858858858859
XA71,40,A,2.60276268115942
XA72,20,A,2.16417572463768
XA72,25,A,2.98890398550725
XA72,30,A,3.72111111111111
XA72,35,A,4.21259502923977
XA72,37.5,A,3.56448010510511
XA72,40,A,2.42325483091787
XA73,20,A,2.32971014492754
XA73,25,A,3.21883364342603
XA73,30,A,4.18464912280702
XA73,35,A,4.56377923976608
XA73,37.5,A,3.74021396396396
XA73,40,A,2.50520833333333
XA74,20,A,2.23369565217391
XA74,25,A,3.15525443922183
XA74,30,A,4.02972222222222
XA74,35,A,4.36970029239766
XA74,37.5,A,3.61723723723724
XA74,40,A,2.68274456521739
XA75,20,A,2.10183917674621
XA75,25,A,3.00883152173913
XA75,30,A,3.98055555555556
XA75,35,A,4.51114766081871
XA75,37.5,A,3.88078641141141
XA75,40,A,2.62771739130435
XA76,20,A,2.24954710144928
XA76,25,A,3.16976351351351
XA76,30,A,4.13805555555556
XA76,35,A,4.40549707602339
XA76,37.5,A,3.75028340840841
XA76,40,A,2.44859601449275
XA77,20,A,2.43636775362319
XA77,25,A,3.53972222222222
XA77,30,A,4.45376461988304
XA77,35,A,4.77178362573099
XA77,37.5,A,4.07946637426901
XA77,40,A,2.90436488118553
XA78,20,A,2.23482789855072
XA78,25,A,3.02626811594203
XA78,30,A,3.78694444444445
XA78,35,A,4.42891081871345
XA78,37.5,A,3.76091216216216
XA78,40,A,2.72950124037081
XA79,20,A,2.31521739130435
XA79,25,A,3.35069444444444
XA79,30,A,4.30964912280702
XA79,35,A,4.72843567251462
XA79,37.5,A,4.01888888888889
XA79,40,A,2.87115721699961
XA8,20,A,2.26109601449275
XA8,25,A,3.27090277777778
XA8,30,A,4.025
XA8,35,A,4.36356817159449
XA8,37.5,A,4.01027777777778
XA8,40,A,2.68734227767474
XA80,20,A,2.26947463768116
XA80,25,A,3.3266234984985
XA80,30,A,4.36397660818714
XA80,35,A,4.8374634502924
XA80,37.5,A,3.87899211711712
XA80,40,A,2.8112711352657
XA81,20,A,2.35944640292466
XA81,25,A,3.078125
XA81,30,A,4.16888888888889
XA81,35,A,4.35088450292398
XA81,37.5,A,3.99805555555556
XA81,40,A,2.59941123188406
XA82,20,A,2.25565511163337
XA82,25,A,3.20750301932367
XA82,30,A,4.10777777777778
XA82,35,A,4.50603070175439
XA82,37.5,A,3.98638888888889
XA82,40,A,2.75090579710145
XA83,20,A,2.18546195652174
XA83,25,A,3.02038043478261
XA83,30,A,3.82833333333333
XA83,35,A,4.14054824561404
XA83,37.5,A,3.47929649758454
XA83,40,A,2.34261775362319
XA84,20,A,2.26268115942029
XA84,25,A,3.12753378378378
XA84,30,A,3.89777777777778
XA84,35,A,4.5656067251462
XA84,37.5,A,3.91527777777778
XA84,40,A,2.72259963768116
XA85,20,A,2.21263586956522
XA85,25,A,3.0258152173913
XA85,30,A,3.87972222222222
XA85,35,A,4.61641081871345
XA85,37.5,A,3.72403903903904
XA85,40,A,2.484375
XA86,20,A,2.1995018115942
XA86,25,A,3.05774456521739
XA86,30,A,3.85805555555556
XA86,35,A,4.01192251461988
XA86,37.5,A,3.2599446729338
XA86,40,A,2.42463768115942
XA87,20,A,2.27278773338556
XA87,25,A,3.20516304347826
XA87,30,A,4.04944444444445
XA87,35,A,4.29217105263158
XA87,37.5,A,3.59198010510511
XA87,40,A,2.82291666666667
XA88,20,A,2.31838768115942
XA88,25,A,3.2827515015015
XA88,30,A,4.11083333333333
XA88,35,A,4.67105263157895
XA88,37.5,A,3.98472222222222
XA88,40,A,2.92504528985507
XA89,20,A,2.43244671301737
XA89,25,A,3.46677927927928
XA89,30,A,4.35944444444445
XA89,35,A,4.58142752715121
XA89,37.5,A,3.8097972972973
XA89,40,A,2.38315217391304
XA9,20,A,2.14696557971014
XA9,25,A,3.01747007858934
XA9,30,A,4.00666666666667
XA9,35,A,3.95902856258093
XA9,37.5,A,3.59805555555556
XA9,40,A,2.52628755466548
XA90,20,A,2.20380434782609
XA90,25,A,3.2187765210863
XA90,30,A,4.01654970760234
XA90,35,A,4.59667397660819
XA90,37.5,A,3.94250206585304
XA90,40,A,2.59621646102624
XA91,20,A,2.20516304347826
XA91,25,A,2.91462862318841
XA91,30,A,3.77888888888889
XA91,35,A,4.42891081871345
XA91,37.5,A,3.81365803303303
XA91,40,A,2.63088768115942
XA92,20,A,2.19587862318841
XA92,25,A,3.06588857879619
XA92,30,A,3.95944444444445
XA92,35,A,4.0524634502924
XA92,37.5,A,3.20359797297297
XA92,40,A,2.37658514492754
XA93,20,A,2.38315217391304
XA93,25,A,3.31123310810811
XA93,30,A,4.43656432748538
XA93,35,A,4.93760964912281
XA93,37.5,A,4.21119883040936
XA93,40,A,2.77445652173913
XA94,20,A,2.33310688405797
XA94,25,A,3.28284942551247
XA94,30,A,4.32834064327485
XA94,35,A,4.7999269005848
XA94,37.5,A,3.96138888888889
XA94,40,A,2.44927536231884
XB1,20,B,2.40511775362319
XB1,25,B,3.36869744744745
XB1,30,B,4.31670321637427
XB1,35,B,4.7192565827349
XB1,37.5,B,4.25083333333333
XB1,40,B,2.61886457389054
XB10,20,B,2.27176769160465
XB10,25,B,3.07838574147296
XB10,30,B,3.69722222222222
XB10,35,B,4.36264338731444
XB10,37.5,B,4.01527777777778
XB10,40,B,2.50197901613509
XB11,20,B,2.53917572463768
XB11,25,B,3.55267588549248
XB11,30,B,4.05630847953216
XB11,35,B,4.73923956160798
XB11,37.5,B,4.21877192982456
XB11,40,B,2.73709590024807
XB12,20,B,2.24048913043478
XB12,25,B,3.24307305394915
XB12,30,B,3.74666666666667
XB12,35,B,4.36699714758925
XB12,37.5,B,4.30701754385965
XB12,40,B,1.55898827086391
XB13,20,B,2.31657608695652
XB13,25,B,2.97102253295733
XB13,30,B,3.56138888888889
XB13,35,B,4.04258554141634
XB13,37.5,B,3.86472222222222
XB13,40,B,2.5669490378306
XB14,20,B,2.37432065217391
XB14,25,B,3.13590983137337
XB14,30,B,3.85555555555556
XB14,35,B,4.51986208236208
XB14,37.5,B,4.28247076023392
XB14,40,B,1.62369923877002
XB15,20,B,2.22690217391304
XB15,25,B,2.98232466903598
XB15,30,B,3.77277777777778
XB15,35,B,4.11945906432749
XB15,37.5,B,3.90611111111111
XB15,40,B,1.33543652814285
XB16,20,B,2.29891304347826
XB16,25,B,3.16035384458654
XB16,30,B,3.9628581871345
XB16,35,B,4.23826319878951
XB16,37.5,B,3.83888888888889
XB16,40,B,1.8290882638154
XB17,20,B,2.21923145972059
XB17,25,B,2.98515567019661
XB17,30,B,3.83694444444445
XB17,35,B,3.80487036498238
XB17,37.5,B,3.43216216216216
XB17,40,B,1.90715277777778
XB18,20,B,2.38632246376812
XB18,25,B,3.19922844039692
XB18,30,B,4.0824269005848
XB18,35,B,4.60087719298246
XB18,37.5,B,3.87718567251462
XB18,40,B,1.97509057971014
XB19,20,B,2.26268115942029
XB19,25,B,3.17959467619794
XB19,30,B,3.93222222222222
XB19,35,B,5.2
XB19,37.5,B,4.18342105263158
XB19,40,B,1.55185688405797
XB2,20,B,2.37069746376812
XB2,25,B,3.12983593701448
XB2,30,B,3.83138888888889
XB2,35,B,3.83056517311609
XB2,37.5,B,3.765
XB2,40,B,2.40946586417927
XB20,20,B,2.14538043478261
XB20,25,B,3.05554535513775
XB20,30,B,3.78666666666667
XB20,35,B,4.17271929824561
XB20,37.5,B,3.60384572072072
XB20,40,B,2.67830012077295
XB21,20,B,2.31951992753623
XB21,25,B,3.25395833333333
XB21,30,B,4.06565058479532
XB21,35,B,4.30866228070176
XB21,37.5,B,3.5739527027027
XB21,40,B,1.48052536231884
XB22,20,B,2.37855586564826
XB22,25,B,3.3456737987988
XB22,30,B,4.32456140350877
XB22,35,B,4.99316520467836
XB22,37.5,B,3.75738699225541
XB22,40,B,1.48609299516908
XB23,20,B,2.33239897506202
XB23,25,B,3.30508633633634
XB23,30,B,4.2943932748538
XB23,35,B,4.73004385964912
XB23,37.5,B,3.43177364864865
XB23,40,B,1.15240036231884
XB24,20,B,2.42776268115942
XB24,25,B,3.5076539039039
XB24,30,B,4.08897660818714
XB24,35,B,4.67861842105263
XB24,37.5,B,3.92905701754386
XB24,40,B,1.40194746376812
XB25,20,B,2.32505467423946
XB25,25,B,3.12273550724638
XB25,30,B,3.8425
XB25,35,B,4.36239035087719
XB25,37.5,B,3.42516304347826
XB25,40,B,2.25837862318841
XB26,20,B,2.56702898550725
XB26,25,B,3.42367492492493
XB26,30,B,4.10197368421053
XB26,35,B,4.39967105263158
XB26,37.5,B,3.72166666666667
XB26,40,B,2.84200980872177
XB27,20,B,2.30314417678548
XB27,25,B,3.00452898550725
XB27,30,B,3.75666666666667
XB27,35,B,4.5109649122807
XB27,37.5,B,3.9030753968254
XB27,40,B,2.01086956521739
XB28,20,B,2.16110539887714
XB28,25,B,2.87749094202899
XB28,30,B,3.78555555555556
XB28,35,B,3.76944444444445
XB28,37.5,B,3.08082811071941
XB28,40,B,1.25566123188406
XB29,20,B,2.34329710144927
XB29,25,B,3.22883209296253
XB29,30,B,4.23312134502924
XB29,35,B,4.41662280701754
XB29,37.5,B,3.76472222222222
XB29,40,B,2.69610507246377
XB3,20,B,2.19836956521739
XB3,25,B,3.01596899194144
XB3,30,B,3.56361111111111
XB3,35,B,3.56798790935247
XB3,37.5,B,3.35005255255255
XB3,40,B,2.59953470771892
XB30,20,B,2.38315217391304
XB30,25,B,3.34098160660661
XB30,30,B,4.08535087719298
XB30,35,B,4.57510964912281
XB30,37.5,B,3.20675496148322
XB30,40,B,0.942255434782609
XB31,20,B,2.55593297101449
XB31,25,B,3.58390765765766
XB31,30,B,4.48008040935673
XB31,35,B,4.83516081871345
XB31,37.5,B,3.94722953216374
XB31,40,B,2.92497388693041
XB32,20,B,2.34805253623188
XB32,25,B,3.39433183183183
XB32,30,B,4.39011695906433
XB32,35,B,5.2
XB32,37.5,B,4.05362573099415
XB32,40,B,1.34963768115942
XB33,20,B,2.35484601449275
XB33,25,B,3.4141798048048
XB33,30,B,4.33845029239766
XB33,35,B,4.5734649122807
XB33,37.5,B,3.74185998498499
XB33,40,B,2.62214371980676
XB34,20,B,2.1544812475519
XB34,25,B,2.83673007246377
XB34,30,B,3.68888888888889
XB34,35,B,4.07333333333334
XB34,37.5,B,3.79375
XB34,40,B,2.32721920289855
XB35,20,B,2.47984601449275
XB35,25,B,3.15639076576577
XB35,30,B,4.12222953216374
XB35,35,B,4.74597953216374
XB35,37.5,B,4.32691520467836
XB35,40,B,1.99615036231884
XB36,20,B,2.31241227640684
XB36,25,B,2.95380434782609
XB36,30,B,3.81277777777778
XB36,35,B,4.07198830409357
XB36,37.5,B,3.47822072072072
XB36,40,B,1.41191123188406
XB37,20,B,2.43070652173913
XB37,25,B,3.05720426519197
XB37,30,B,3.80833333333333
XB37,35,B,4.26022660818713
XB37,37.5,B,3.91277777777778
XB37,40,B,2.75656702898551
XB38,20,B,2.25090579710145
XB38,25,B,3.00611413043478
XB38,30,B,3.72333333333333
XB38,35,B,4.45138888888889
XB38,37.5,B,3.84472222222222
XB38,40,B,1.44067028985507
XB39,20,B,2.26947463768116
XB39,25,B,3.26556175740958
XB39,30,B,3.90027777777778
XB39,35,B,4.28279970760234
XB39,37.5,B,3.9605365892208
XB39,40,B,2.58242753623188
XB4,20,B,2.2085597826087
XB4,25,B,2.90961671183404
XB4,30,B,3.59055555555556
XB4,35,B,3.68468730805289
XB4,37.5,B,3.23914414414414
XB4,40,B,2.11324654575465
XB40,20,B,2.30298913043478
XB40,25,B,3.01879528985507
XB40,30,B,3.68070906432749
XB40,35,B,4.04291666666667
XB40,37.5,B,3.74444444444445
XB40,40,B,1.60552536231884
XB41,20,B,2.26880736714976
XB41,25,B,3.09668568024546
XB41,30,B,3.83111111111111
XB41,35,B,4.44974415204678
XB41,37.5,B,4.13451023391813
XB41,40,B,1.45064915458937
XB42,20,B,2.44814311594203
XB42,25,B,3.44228603603604
XB42,30,B,3.97694444444445
XB42,35,B,4.69334795321637
XB42,37.5,B,4.34124269005848
XB42,40,B,1.33944746376812
XB43,20,B,2.48007246376812
XB43,25,B,3.29098119858989
XB43,30,B,3.91916666666667
XB43,35,B,4.58347953216374
XB43,37.5,B,3.89888888888889
XB43,40,B,1.64334239130435
XB44,20,B,2.38760975649563
XB44,25,B,3.34402010706359
XB44,30,B,3.82638888888889
XB44,35,B,4.38797514619883
XB44,37.5,B,3.81277777777778
XB44,40,B,2.51232414479697
XB45,20,B,2.24048913043478
XB45,25,B,3.26008821321321
XB45,30,B,3.92944444444444
XB45,35,B,4.54586988304094
XB45,37.5,B,3.88763059111743
XB45,40,B,2.03158212560386
XB46,20,B,2.49880247094921
XB46,25,B,3.42370495495495
XB46,30,B,4.28199561403509
XB46,35,B,5.1984283625731
XB46,37.5,B,4.65807748538012
XB46,40,B,3.17962258454106
XB47,20,B,2.42663043478261
XB47,25,B,3.5793262012012
XB47,30,B,4.54272660818713
XB47,35,B,5.07127192982456
XB47,37.5,B,4.34950292397661
XB47,40,B,1.63768115942029
XB48,20,B,2.33763586956522
XB48,25,B,3.14970133176655
XB48,30,B,3.80166666666667
XB48,35,B,4.10012426900585
XB48,37.5,B,3.6375
XB48,40,B,1.65597826086957
XB49,20,B,2.27830615942029
XB49,25,B,3.08022424598512
XB49,30,B,3.85888888888889
XB49,35,B,4.59342105263158
XB49,37.5,B,3.94277777777778
XB49,40,B,1.37884963768116
XB5,20,B,2.33197463768116
XB5,25,B,3.12185575372696
XB5,30,B,3.82888888888889
XB5,35,B,4.44803684513529
XB5,37.5,B,3.89194444444445
XB5,40,B,2.43516207865382
XB50,20,B,2.21807065217391
XB50,25,B,3.1661199242721
XB50,30,B,3.66803362573099
XB50,35,B,4.28772660818713
XB50,37.5,B,3.5318018018018
XB50,40,B,1.53623188405797
XB6,20,B,2.11548913043478
XB6,25,B,3.04577617714069
XB6,30,B,3.87888888888889
XB6,35,B,4.50672591297591
XB6,37.5,B,4.30134502923977
XB6,40,B,1.64435529814261
XB7,20,B,2.29279891304348
XB7,25,B,3.17922481706597
XB7,30,B,3.98694444444445
XB7,35,B,4.62666058356848
XB7,37.5,B,4.24396929824561
XB7,40,B,1.29778642721952
XB8,20,B,2.25815217391304
XB8,25,B,2.92808669939326
XB8,30,B,3.24184684684685
XB8,35,B,3.91700887274194
XB8,37.5,B,3.62555555555556
XB8,40,B,2.56102241995987
XB9,20,B,2.31671195652174
XB9,25,B,3.63822212523842
XB9,30,B,4.9249269005848
XB9,35,B,5.32054907887162
XB9,37.5,B,4.70398391812866
XB9,40,B,1.6515717669768
XC1,20,C,2.05366847826087
XC1,25,C,2.8030899984449
XC1,30,C,3.72611111111111
XC1,35,C,3.97081222140433
XC1,37.5,C,3.69944444444444
XC1,40,C,2.67672547512665
XC10,20,C,2.06770833333333
XC10,25,C,2.94118849777545
XC10,30,C,3.78111111111111
XC10,35,C,4.45141777082567
XC10,37.5,C,4.02277777777778
XC10,40,C,2.53473154648794
XC11,20,C,2.07882818459191
XC11,25,C,2.97709239130435
XC11,30,C,3.83138888888889
XC11,35,C,4.16625168690958
XC11,37.5,C,3.96222222222222
XC11,40,C,2.51349505719094
XC12,20,C,2.02830615942029
XC12,25,C,2.79299304346562
XC12,30,C,3.24953641141141
XC12,35,C,3.6670209000097
XC12,37.5,C,3.44406343843844
XC12,40,C,2.41656135382649
XC13,20,C,2.10552536231884
XC13,25,C,2.85123230839108
XC13,30,C,3.76555555555556
XC13,35,C,4.3613043511196
XC13,37.5,C,3.93416666666667
XC13,40,C,2.82815217391304
XC14,20,C,2.05697953388171
XC14,25,C,3.01613498881927
XC14,30,C,3.85638888888889
XC14,35,C,4.36260339969094
XC14,37.5,C,3.95897660818714
XC14,40,C,2.62727721484499
XC15,20,C,2.08582427536232
XC15,25,C,2.83742602349538
XC15,30,C,3.51129316816817
XC15,35,C,3.77237569909159
XC15,37.5,C,3.4443262012012
XC15,40,C,2.48620291487139
XC16,20,C,1.97327898550725
XC16,25,C,2.87927146193108
XC16,30,C,3.61166666666667
XC16,35,C,4.42998686255265
XC16,37.5,C,4.01222222222222
XC16,40,C,2.62206892102126
XC17,20,C,2.05751811594203
XC17,25,C,2.85900362318841
XC17,30,C,3.49177927927928
XC17,35,C,3.6991588966589
XC17,37.5,C,3.22147522522523
XC17,40,C,2.47256184674827
XC18,20,C,2.18478260869565
XC18,25,C,3.08780519650085
XC18,30,C,3.74055555555556
XC18,35,C,4.15650584795322
XC18,37.5,C,3.81807748538012
XC18,40,C,2.94140880010445
XC19,20,C,2.11367753623188
XC19,25,C,3.05205273207991
XC19,30,C,3.77194444444445
XC19,35,C,4.40460526315789
XC19,37.5,C,3.56234234234234
XC19,40,C,2.91821100992297
XC2,20,C,2.28283514492754
XC2,25,C,3.27790902597466
XC2,30,C,4.52850877192982
XC2,35,C,4.55755224307856
XC2,37.5,C,3.88527777777778
XC2,40,C,2.61994761105991
XC20,20,C,2.10622307089698
XC20,25,C,3.0276268115942
XC20,30,C,4.32391812865497
XC20,35,C,4.52467105263158
XC20,37.5,C,3.74614114114114
XC20,40,C,2.82468745919833
XC21,20,C,2.23686594202899
XC21,25,C,3.29205632262698
XC21,30,C,4.66063596491228
XC21,35,C,5.24791666666667
XC21,37.5,C,3.80062134502924
XC21,40,C,2.85017626321974
XC22,20,C,2.12771739130435
XC22,25,C,3.0793327294686
XC22,30,C,3.82194444444445
XC22,35,C,4.0784649122807
XC22,37.5,C,3.48799174174174
XC22,40,C,2.44256928553267
XC23,20,C,2.18523550724638
XC23,25,C,3.17813193628411
XC23,30,C,4.49358187134503
XC23,35,C,4.62134502923977
XC23,37.5,C,3.42260510510511
XC23,40,C,2.65240036231884
XC24,20,C,2.31295289855072
XC24,25,C,3.66944444444444
XC24,30,C,4.79747807017544
XC24,35,C,4.94356725146199
XC24,37.5,C,4.30777777777778
XC24,40,C,2.94580917874396
XC25,20,C,2.23641304347826
XC25,25,C,3.35027214714715
XC25,30,C,4.56432748538012
XC25,35,C,4.48538011695906
XC25,37.5,C,3.49240990990991
XC25,40,C,2.7767454954955
XC26,20,C,1.99252717391304
XC26,25,C,2.84510869565217
XC26,30,C,3.57198948948949
XC26,35,C,3.74888888888889
XC26,37.5,C,2.90137012012012
XC26,40,C,2.13971920289855
XC27,20,C,2.18013937850894
XC27,25,C,3.25478587282935
XC27,30,C,3.96055555555556
XC27,35,C,4.07909356725146
XC27,37.5,C,3.51888513513514
XC27,40,C,2.2866847826087
XC28,20,C,2.1736865942029
XC28,25,C,3.15514427470949
XC28,30,C,4.08944444444445
XC28,35,C,5.00606725146199
XC28,37.5,C,3.41248498498499
XC28,40,C,2.46820733777256
XC29,20,C,2.20697463768116
XC29,25,C,2.97587397179788
XC29,30,C,3.92277777777778
XC29,35,C,3.99807748538012
XC29,37.5,C,3.30248310810811
XC29,40,C,2.3786231884058
XC3,20,C,2.15579710144928
XC3,25,C,2.96238332419871
XC3,30,C,3.74258771929825
XC3,35,C,4.02389221951688
XC3,37.5,C,3.80388888888889
XC3,40,C,2.47763456391174
XC30,20,C,2.1875
XC30,25,C,3.61448573573574
XC30,30,C,4.83483187134503
XC30,35,C,5.3
XC30,37.5,C,4.25570906432749
XC30,40,C,2.96935590481786
XC31,20,C,2.13609601449275
XC31,25,C,3.03328804347826
XC31,30,C,3.87027777777778
XC31,35,C,4.56669407894737
XC31,37.5,C,3.52205705705706
XC31,40,C,2.47554347826087
XC32,20,C,2.18902823733344
XC32,25,C,3.44723160660661
XC32,30,C,4.66739766081871
XC32,35,C,4.55921052631579
XC32,37.5,C,3.59805555555556
XC32,40,C,2.50883152173913
XC33,20,C,2.30072463768116
XC33,25,C,3.39494181681682
XC33,30,C,4.38993421052632
XC33,35,C,4.55062134502924
XC33,37.5,C,3.35049707602339
XC33,40,C,2.50713768115942
XC34,20,C,2.24982251273012
XC34,25,C,3.19863477608043
XC34,30,C,4.05222222222222
XC34,35,C,4.09051169590643
XC34,37.5,C,3.49283783783784
XC34,40,C,2.79574275362319
XC35,20,C,1.90749037080559
XC35,25,C,2.90375905797101
XC35,30,C,3.88277777777778
XC35,35,C,3.95305555555556
XC35,37.5,C,3.07927291421857
XC35,40,C,1.49405797101449
XC36,20,C,2.16983695652174
XC36,25,C,3.03260869565217
XC36,30,C,3.95888888888889
XC36,35,C,3.77583333333333
XC36,37.5,C,3.42376126126126
XC36,40,C,2.49116847826087
XC37,20,C,1.90949180015256
XC37,25,C,2.94746376811594
XC37,30,C,4.05638888888889
XC37,35,C,4.24611111111111
XC37,37.5,C,3.52874812312312
XC37,40,C,2.46444746376812
XC38,20,C,2.17708333333333
XC38,25,C,3.23035603538321
XC38,30,C,4.25559941520468
XC38,35,C,4.10979532163743
XC38,37.5,C,3.42121058558559
XC38,40,C,2.36186594202899
XC39,20,C,2.05842391304348
XC39,25,C,3.02672101449275
XC39,30,C,3.91638888888889
XC39,35,C,3.77625375375375
XC39,37.5,C,3.48582394894895
XC39,40,C,2.59941123188406
XC4,20,C,2.19497282608696
XC4,25,C,3.04715694050929
XC4,30,C,3.83
XC4,35,C,4.07728801169591
XC4,37.5,C,3.79416666666667
XC4,40,C,2.49338107515421
XC40,20,C,2.29030797101449
XC40,25,C,3.3784253003003
XC40,30,C,4.60105994152047
XC40,35,C,5.42291666666667
XC40,37.5,C,4.52707602339181
XC40,40,C,2.84370511816164
XC41,20,C,2.16066066066066
XC41,25,C,3.34597369108239
XC41,30,C,4.59924707602339
XC41,35,C,4.67580409356725
XC41,37.5,C,3.89555555555556
XC41,40,C,2.4044384057971
XC42,20,C,2.10487922705314
XC42,25,C,3.00498188405797
XC42,30,C,3.96611111111111
XC42,35,C,3.83304824561404
XC42,37.5,C,2.80683876811594
XC42,40,C,0.594202898550725
XC43,20,C,2.18127774513644
XC43,25,C,3.24415312051182
XC43,30,C,4.08694444444445
XC43,35,C,3.92777777777778
XC43,37.5,C,3.58601351351351
XC43,40,C,2.5679347826087
XC44,20,C,2.00249094202899
XC44,25,C,2.83514492753623
XC44,30,C,3.68310810810811
XC44,35,C,3.68578947368421
XC44,37.5,C,2.92481680049615
XC44,40,C,2.31000905797101
XC45,20,C,2.10303442028985
XC45,25,C,3.13227901814858
XC45,30,C,4.09305555555556
XC45,35,C,4.2114985380117
XC45,37.5,C,3.6475487987988
XC45,40,C,2.57382246376812
XC46,20,C,2.12046285415851
XC46,25,C,3.02355072463768
XC46,30,C,3.89715643274854
XC46,35,C,4.15797514619883
XC46,37.5,C,3.6490259009009
XC46,40,C,2.46552666797232
XC47,20,C,2.10813075303565
XC47,25,C,2.95765398550725
XC47,30,C,4.20638888888889
XC47,35,C,4.63961988304094
XC47,37.5,C,3.98402777777778
XC47,40,C,2.97327898550725
XC48,20,C,2.10661447550035
XC48,25,C,3.10168780193237
XC48,30,C,3.97055555555556
XC48,35,C,4.1968201754386
XC48,37.5,C,3.38229542042042
XC48,40,C,2.60122282608696
XC49,20,C,2.24628704791748
XC49,25,C,3.17685688405797
XC49,30,C,4.07888888888889
XC49,35,C,4.05319444444445
XC49,37.5,C,3.46355292792793
XC49,40,C,2.64130434782609
XC5,20,C,2.21807065217391
XC5,25,C,3.06120149722421
XC5,30,C,4.12038011695907
XC5,35,C,4.43199837443258
XC5,37.5,C,3.87638888888889
XC5,40,C,2.68243810900098
XC50,20,C,2.2257556469513
XC50,25,C,3.35767357030944
XC50,30,C,4.12182748538012
XC50,35,C,4.62481725146199
XC50,37.5,C,3.86861111111111
XC50,40,C,2.52626811594203
XC6,20,C,2.07789855072464
XC6,25,C,2.77783548154933
XC6,30,C,3.41583333333333
XC6,35,C,3.5617870074031
XC6,37.5,C,3.28917417417417
XC6,40,C,2.43679900091283
XC7,20,C,2.25226449275362
XC7,25,C,3.27726178630216
XC7,30,C,4.36002192982456
XC7,35,C,4.67641862103445
XC7,37.5,C,4.31098684210526
XC7,40,C,2.81484631009087
XC8,20,C,1.91213768115942
XC8,25,C,2.59507505322733
XC8,30,C,3.36875375375375
XC8,35,C,4.0115034965035
XC8,37.5,C,3.825
XC8,40,C,2.6222559792249
XC9,20,C,2.10484601449275
XC9,25,C,3.03142974892755
XC9,30,C,3.98201754385965
XC9,35,C,4.57682978571136
XC9,37.5,C,4.07526315789474
XC9,40,C,2.37014126736684
XD1,20,D,0.902664920355138
XD1,25,D,1.27494278061615
XD1,30,D,1.40886250700829
XD1,35,D,0.996796126984488
XD1,37.5,D,0.641983695652174
XD1,40,D,0.272526602689646
XD10,20,D,2.17481884057971
XD10,25,D,2.79510730096328
XD10,30,D,3.52666666666667
XD10,35,D,3.75031981906982
XD10,37.5,D,3.36095533033033
XD10,40,D,2.18570845691936
XD11,20,D,2.22939311594203
XD11,25,D,2.92971542341016
XD11,30,D,3.56859797297297
XD11,35,D,3.6040873015873
XD11,37.5,D,2.34331170844758
XD11,40,D,2.0479225575481
XD12,20,D,2.33887624037081
XD12,25,D,3.07738796014846
XD12,30,D,3.70888888888889
XD12,35,D,3.8562948145993
XD12,37.5,D,3.655
XD12,40,D,2.38376214288062
XD13,20,D,2.28125
XD13,25,D,2.95497213308856
XD13,30,D,3.21503753753754
XD13,35,D,3.62108476384444
XD13,37.5,D,3.66388888888889
XD13,40,D,2.18620254422863
XD14,20,D,2.15692934782609
XD14,25,D,2.86419779865149
XD14,30,D,3.48146584084084
XD14,35,D,3.71770617140271
XD14,37.5,D,3.41
XD14,40,D,2.94862531086154
XD15,20,D,2.2618961352657
XD15,25,D,3.12656168369962
XD15,30,D,3.66361111111111
XD15,35,D,3.9210358678434
XD15,37.5,D,4.15694444444445
XD15,40,D,2.72469925687183
XD16,20,D,2.22576992753623
XD16,25,D,3.11337969115879
XD16,30,D,3.8275
XD16,35,D,3.93595739178224
XD16,37.5,D,3.79055555555556
XD16,40,D,2.65225095676449
XD17,20,D,2.29551630434783
XD17,25,D,3.14465756392807
XD17,30,D,3.75694444444445
XD17,35,D,3.74480554747357
XD17,37.5,D,3.56194444444445
XD17,40,D,2.54390585352116
XD18,20,D,1.00544906319363
XD18,25,D,1.39774489163076
XD18,30,D,1.62166854354354
XD18,35,D,1.33537137681159
XD18,37.5,D,0.410175120772947
XD18,40,D,0.912200923749837
XD19,20,D,2.18659420289855
XD19,25,D,3.08932097858728
XD19,30,D,3.85805555555556
XD19,35,D,4.0343567251462
XD19,37.5,D,3.63555930930931
XD19,40,D,3.05705705705706
XD2,20,D,2.2371107520564
XD2,25,D,3.09682447856126
XD2,30,D,3.99
XD2,35,D,4.62294631538053
XD2,37.5,D,4.42912280701754
XD2,40,D,3.31699883948984
XD20,20,D,0.177741228070176
XD20,25,D,0.208388157894737
XD20,30,D,0.160332207207207
XD20,35,D,0.15320652173913
XD20,37.5,D,0.283532290872108
XD20,40,D,0.141121031746032
XD21,20,D,2.32382246376812
XD21,25,D,3.34998123123123
XD21,30,D,3.95833333333333
XD21,35,D,4.5484283625731
XD21,37.5,D,3.60988551051051
XD21,40,D,2.53740901227314
XD22,20,D,2.14198369565217
XD22,25,D,2.80208333333333
XD22,30,D,3.30130255255255
XD22,35,D,3.9615899122807
XD22,37.5,D,2.67032657657658
XD22,40,D,1.81680253623188
XD23,20,D,2.2445652173913
XD23,25,D,3.10722883209296
XD23,30,D,4.12287280701754
XD23,35,D,4.2266081871345
XD23,37.5,D,3.63833333333333
XD23,40,D,2.75198296122209
XD24,20,D,2.30638586956522
XD24,25,D,3.34874624624625
XD24,30,D,4.14047514619883
XD24,35,D,4.42288011695906
XD24,37.5,D,3.84333333333333
XD24,40,D,2.91178474670322
XD25,20,D,2.28691123188406
XD25,25,D,3.04827245723985
XD25,30,D,3.91361111111111
XD25,35,D,3.77027777777778
XD25,37.5,D,3.10292776472124
XD25,40,D,2.32835144927536
XD26,20,D,2.37477355072464
XD26,25,D,3.14449577294686
XD26,30,D,3.74416666666667
XD26,35,D,4.18312134502924
XD26,37.5,D,3.61715465465465
XD26,40,D,2.30368618618619
XD27,20,D,2.2049365942029
XD27,25,D,3.04211956521739
XD27,30,D,3.86361111111111
XD27,35,D,4.28305555555556
XD27,37.5,D,3.65231418918919
XD27,40,D,3.12879820610084
XD28,20,D,2.37907608695652
XD28,25,D,3.2632789039039
XD28,30,D,3.93194444444445
XD28,35,D,4.21276315789474
XD28,37.5,D,3.41043355855856
XD28,40,D,2.38047101449275
XD29,20,D,2.25384963768116
XD29,25,D,2.97939311594203
XD29,30,D,3.73166666666667
XD29,35,D,3.98122807017544
XD29,37.5,D,3.5675
XD29,40,D,3.01245471014493
XD3,20,D,2.23774929821125
XD3,25,D,2.88770187430384
XD3,30,D,3.57261261261261
XD3,35,D,3.72851816829923
XD3,37.5,D,3.89611111111111
XD3,40,D,2.46040138435319
XD30,20,D,2.38247282608696
XD30,25,D,3.13422117769944
XD30,30,D,3.77055555555556
XD30,35,D,3.91972222222222
XD30,37.5,D,3.46572822822823
XD30,40,D,2.7700764623319
XD31,20,D,2.32676630434783
XD31,25,D,3.23136995691344
XD31,30,D,4.05861111111111
XD31,35,D,4.38525584795322
XD31,37.5,D,3.53244557057057
XD31,40,D,2.53733997584541
XD32,20,D,0.162828947368421
XD32,25,D,0.121970720720721
XD32,30,D,0.149270874135005
XD32,35,D,0.185009057971014
XD32,37.5,D,0.126350535317927
XD32,40,D,0.166864554772163
XD33,20,D,2.33129528985507
XD33,25,D,3.36987237237237
XD33,30,D,4.22294590643275
XD33,35,D,4.58717105263158
XD33,37.5,D,3.6022728978979
XD33,40,D,2.80732577686382
XD34,20,D,2.19270833333333
XD34,25,D,2.96399456521739
XD34,30,D,3.75444444444445
XD34,35,D,3.47154842342342
XD34,37.5,D,2.50317028985507
XD34,40,D,1.81567028985507
XD35,20,D,2.3088768115942
XD35,25,D,3.15211679070375
XD35,30,D,3.89138888888889
XD35,35,D,3.96274122807018
XD35,37.5,D,3.40240427927928
XD35,40,D,2.43319746376812
XD36,20,D,2.33695652173913
XD36,25,D,3.06114130434783
XD36,30,D,3.90861111111111
XD36,35,D,4.39802631578947
XD36,37.5,D,4.36108918128655
XD36,40,D,2.93187548962005
XD37,20,D,2.34805253623188
XD37,25,D,3.09805253623188
XD37,30,D,3.9275
XD37,35,D,3.9191081871345
XD37,37.5,D,3.06660872829351
XD37,40,D,2.04832957957958
XD38,20,D,2.27744565217391
XD38,25,D,3.18196321321321
XD38,30,D,3.7675
XD38,35,D,3.56810376165639
XD38,37.5,D,3.09794849197023
XD38,40,D,2.40851449275362
XD39,20,D,2.29211956521739
XD39,25,D,3.18374624624625
XD39,30,D,3.73194444444445
XD39,35,D,3.75666666666667
XD39,37.5,D,3.39614193999491
XD39,40,D,2.42028985507246
XD4,20,D,2.28356345475911
XD4,25,D,3.02336291575162
XD4,30,D,3.76944444444445
XD4,35,D,3.93313139188139
XD4,37.5,D,3.83944444444445
XD4,40,D,2.93945191361696
XD40,20,D,2.20357789855072
XD40,25,D,3.01154891304348
XD40,30,D,3.81472222222222
XD40,35,D,4.16652777777778
XD40,37.5,D,3.30261473429952
XD40,40,D,2.25747282608696
XD41,20,D,2.25671554706881
XD41,25,D,3.23198198198198
XD41,30,D,3.93666666666667
XD41,35,D,3.67150584795322
XD41,37.5,D,3.12048048048048
XD41,40,D,2.18800851767099
XD42,20,D,2.45538949275362
XD42,25,D,3.2044714551508
XD42,30,D,3.74277777777778
XD42,35,D,3.68111111111111
XD42,37.5,D,3.42548913043478
XD42,40,D,2.07637983091787
XD43,20,D,2.40650909061235
XD43,25,D,3.06071900705053
XD43,30,D,3.84888888888889
XD43,35,D,3.83440058479532
XD43,37.5,D,3.63778153153153
XD43,40,D,2.40063707729469
XD44,20,D,1.04778997747748
XD44,25,D,1.23298054919908
XD44,30,D,1.52558876811594
XD44,35,D,1.44913647342995
XD44,37.5,D,0.721618112677895
XD44,40,D,0.190208333333333
XD45,20,D,2.24343297101449
XD45,25,D,2.83542270531401
XD45,30,D,3.22408408408408
XD45,35,D,3.09244557057057
XD45,37.5,D,2.75835814074945
XD45,40,D,2.1901690821256
XD46,20,D,2.2339098609479
XD46,25,D,3.01064311594203
XD46,30,D,3.79555555555556
XD46,35,D,4.39353070175439
XD46,37.5,D,4.37084795321637
XD46,40,D,3.21614489489489
XD47,20,D,2.14107789855072
XD47,25,D,2.99941857618488
XD47,30,D,3.42906906906907
XD47,35,D,3.57888888888889
XD47,37.5,D,2.89625301932367
XD47,40,D,2.05163043478261
XD48,20,D,2.11616847826087
XD48,25,D,2.76333449618096
XD48,30,D,3.08939311594203
XD48,35,D,2.84730945619533
XD48,37.5,D,2.52875905797101
XD48,40,D,2.17010869565217
XD49,20,D,2.31816123188406
XD49,25,D,3.05502717391304
XD49,30,D,3.9175
XD49,35,D,4.15446637426901
XD49,37.5,D,3.72888888888889
XD49,40,D,2.84641002415459
XD5,20,D,2.40898248792271
XD5,25,D,3.28112349522011
XD5,30,D,4.05083333333334
XD5,35,D,4.1941131456263
XD5,37.5,D,3.79527777777778
XD5,40,D,2.41931685214054
XD50,20,D,2.22667572463768
XD50,25,D,3.17640602559081
XD50,30,D,3.94722222222222
XD50,35,D,3.7875
XD50,37.5,D,3.36564752252252
XD50,40,D,1.91799516908213
XD51,20,D,2.25317028985507
XD51,25,D,2.99433876811594
XD51,30,D,3.80361111111111
XD51,35,D,3.76694444444445
XD51,37.5,D,3.23437100143622
XD51,40,D,2.50412439613527
XD52,20,D,2.22780797101449
XD52,25,D,3.11458937198068
XD52,30,D,3.83972222222222
XD52,35,D,4.22191520467836
XD52,37.5,D,3.62603603603604
XD52,40,D,2.38693236714976
XD6,20,D,2.23660277124951
XD6,25,D,3.12247307219973
XD6,30,D,3.97361111111111
XD6,35,D,4.08339813595428
XD6,37.5,D,3.67305555555556
XD6,40,D,2.56838949544028
XD7,20,D,1.99820268638203
XD7,25,D,2.73978161226353
XD7,30,D,3.32052364864865
XD7,35,D,3.52691591504219
XD7,37.5,D,3.47055555555556
XD7,40,D,2.30499125968617
XD8,20,D,2.31700654458807
XD8,25,D,3.14094219962427
XD8,30,D,3.83888888888889
XD8,35,D,4.28221552570237
XD8,37.5,D,3.82527777777778
XD8,40,D,3.15922299409459
XD9,20,D,2.35733695652174
XD9,25,D,3.12681086903782
XD9,30,D,3.89333333333333
XD9,35,D,4.22805095489306
XD9,37.5,D,3.87299707602339
XD9,40,D,2.74316551709533
XG1,20,G,0.901268115942029
XG1,25,G,1.26471920289855
XG1,30,G,1.51698369565217
XG1,35,G,1.54551630434783
XG1,37.5,G,1.26630434782609
XG1,40,G,0.786992835226531
XG10,20,G,2.03011775362319
XG10,25,G,2.89273325203838
XG10,30,G,3.36541291291291
XG10,35,G,2.8373249608304
XG10,37.5,G,2.62658514492754
XG10,40,G,2.11836564825695
XG11,20,G,2.32948369565217
XG11,25,G,3.41677458790621
XG11,30,G,3.51333333333333
XG11,35,G,2.03907179463352
XG11,37.5,G,1.24773550724638
XG11,40,G,0.525601786529312
XG12,20,G,2.01154483287635
XG12,25,G,2.70907166899299
XG12,30,G,3.20542621425774
XG12,35,G,2.95610107746345
XG12,37.5,G,2.95720108695652
XG12,40,G,1.20485069594766
XG13,20,G,1.82894453071084
XG13,25,G,2.89154008185757
XG13,30,G,3.75277777777778
XG13,35,G,3.74228243978244
XG13,37.5,G,2.66836050724638
XG13,40,G,1.72873933082748
XG14,20,G,2.1460597826087
XG14,25,G,2.97724736929276
XG14,30,G,3.96554824561404
XG14,35,G,4.06294455589075
XG14,37.5,G,2.92322961548505
XG14,40,G,1.49949159046055
XG15,20,G,2.32540760869565
XG15,25,G,3.16435212505082
XG15,30,G,3.73222222222222
XG15,35,G,3.85088383838384
XG15,37.5,G,3.17212511424468
XG15,40,G,2.41008895033422
XG16,20,G,2.37273550724638
XG16,25,G,3.24684660096778
XG16,30,G,3.96603801169591
XG16,35,G,4.0753780211017
XG16,37.5,G,3.52916666666667
XG16,40,G,2.3351807034795
XG17,20,G,1.74343297101449
XG17,25,G,2.70059097275165
XG17,30,G,3.48526276276276
XG17,35,G,3.86510595480555
XG17,37.5,G,3.52524587087087
XG17,40,G,2.61553830013263
XG18,20,G,1.71376811594203
XG18,25,G,2.78807299193246
XG18,30,G,3.40490615615616
XG18,35,G,3.45395448510774
XG18,37.5,G,3.21527777777778
XG18,40,G,2.47516027464546
XG19,20,G,2.05658171758715
XG19,25,G,2.86423756506441
XG19,30,G,3.54446696696697
XG19,35,G,2.96303644041801
XG19,37.5,G,2.56997282608696
XG19,40,G,1.47451453187026
XG2,20,G,NA
XG2,25,G,NA
XG2,30,G,NA
XG2,35,G,NA
XG2,37.5,G,NA
XG2,40,G,NA
XG20,20,G,2.04279891304348
XG20,25,G,2.92173900795502
XG20,30,G,4.17013157894737
XG20,35,G,4.03911549707602
XG20,37.5,G,3.24632132132132
XG20,40,G,1.19477085781434
XG21,20,G,1.92708333333333
XG21,25,G,2.90217776522953
XG21,30,G,3.54864677177177
XG21,35,G,3.84030691530692
XG21,37.5,G,3.73222222222222
XG21,40,G,2.90762882259016
XG22,20,G,2.2307518115942
XG22,25,G,3.25655829136997
XG22,30,G,4.14472953216374
XG22,35,G,4.50835020242915
XG22,37.5,G,3.17356043543544
XG22,40,G,0.752240214104106
XG23,20,G,2.38451086956522
XG23,25,G,3.23327610961267
XG23,30,G,3.9140716374269
XG23,35,G,3.88332367194209
XG23,37.5,G,3.31048048048048
XG23,40,G,2.39723867006892
XG24,20,G,2.23482789855072
XG24,25,G,2.92622829778706
XG24,30,G,4.46491228070175
XG24,35,G,4.12078109025477
XG24,37.5,G,3.39959271771772
XG24,40,G,0.861678254341298
XG25,20,G,2.21354166666667
XG25,25,G,3.09325161522081
XG25,30,G,3.82194444444445
XG25,35,G,4.0288985447325
XG25,37.5,G,3.75138888888889
XG25,40,G,2.88026363129056
XG26,20,G,2.42300724637681
XG26,25,G,3.41584182435711
XG26,30,G,4.34173976608187
XG26,35,G,4.56123865169918
XG26,37.5,G,3.3488979468599
XG26,40,G,2.52784938892871
XG27,20,G,2.07201086956522
XG27,25,G,2.96911498968957
XG27,30,G,3.61972222222222
XG27,35,G,3.60557567969482
XG27,37.5,G,3.19319142512077
XG27,40,G,2.51335080763945
XG28,20,G,1.80208333333333
XG28,25,G,2.72576099836651
XG28,30,G,3.48481606606607
XG28,35,G,3.96927027769696
XG28,37.5,G,3.23860923423423
XG28,40,G,2.57838329401338
XG29,20,G,2.45538949275362
XG29,25,G,3.60111466718391
XG29,30,G,4.13479532163743
XG29,35,G,4.15258097165992
XG29,37.5,G,3.48730072463768
XG29,40,G,1.77947939700764
XG3,20,G,1.92753623188406
XG3,25,G,2.67278079710145
XG3,30,G,3.72888888888889
XG3,35,G,4.38194444444444
XG3,37.5,G,3.77083333333333
XG3,40,G,2.61413043478261
XG30,20,G,2.23346920289855
XG30,25,G,3.19892650802977
XG30,30,G,4.11894736842105
XG30,35,G,4.85413011695906
XG30,37.5,G,3.1957095410628
XG30,40,G,1.64741847826087
XG31,20,G,2.08106884057971
XG31,25,G,2.89288949275362
XG31,30,G,3.52078265765766
XG31,35,G,3.15472034534535
XG31,37.5,G,2.76679347826087
XG31,40,G,1.61730072463768
XG32,20,G,2.37273550724638
XG32,25,G,3.27749624624625
XG32,30,G,4.09225877192983
XG32,35,G,3.86437865497076
XG32,37.5,G,2.99242720981851
XG32,40,G,1.47124094202899
XG33,20,G,2.30389492753623
XG33,25,G,3.32710585585586
XG33,30,G,4.26900584795322
XG33,35,G,4.44883040935672
XG33,37.5,G,2.90464241415328
XG33,40,G,0.869595818644732
XG34,20,G,2.07155797101449
XG34,25,G,2.97305253623188
XG34,30,G,3.93195175438597
XG34,35,G,4.34137426900585
XG34,37.5,G,3.66543128654971
XG34,40,G,2.79904360882622
XG35,20,G,2.51086956521739
XG35,25,G,3.53361111111111
XG35,30,G,4.37171052631579
XG35,35,G,4.17445906432749
XG35,37.5,G,3.30483140749445
XG35,40,G,1.69053156417287
XG36,20,G,1.80030846063455
XG36,25,G,2.74862702376289
XG36,30,G,3.37425804093567
XG36,35,G,3.70617213323163
XG36,37.5,G,3.0282621752187
XG36,40,G,2.56680253623188
XG37,20,G,2.26245471014493
XG37,25,G,3.32746809309309
XG37,30,G,4.29586988304094
XG37,35,G,4.71107456140351
XG37,37.5,G,2.9600845410628
XG37,40,G,0.765495169082126
XG38,20,G,2.02490942028985
XG38,25,G,3.01427650476564
XG38,30,G,3.27474033816425
XG38,35,G,3.65649211711712
XG38,37.5,G,2.57934292988641
XG38,40,G,2.0174365942029
XG39,20,G,1.72745299647474
XG39,25,G,2.64175724637681
XG39,30,G,3.34379692192192
XG39,35,G,3.43046734234234
XG39,37.5,G,2.65942028985507
XG39,40,G,2.2848731884058
XG4,20,G,0.498987098511555
XG4,25,G,1.04529393523959
XG4,30,G,1.3607729468599
XG4,35,G,1.82133152173913
XG4,37.5,G,1.07978562801932
XG4,40,G,0.41655854223789
XG40,20,G,2.45561594202899
XG40,25,G,3.43206268768769
XG40,30,G,4.10729532163743
XG40,35,G,4.10599415204678
XG40,37.5,G,3.41065364277321
XG40,40,G,1.74094202898551
XG41,20,G,2.18885869565217
XG41,25,G,3.06839380141011
XG41,30,G,3.88111111111111
XG41,35,G,3.91611111111111
XG41,37.5,G,2.88291756430343
XG41,40,G,1.77311939268461
XG42,20,G,1.72502121686904
XG42,25,G,1.78048700874788
XG42,30,G,2.02717391304348
XG42,35,G,1.55751811594203
XG42,37.5,G,0.867074275362319
XG42,40,G,0.708541666666667
XG43,20,G,2.30253623188406
XG43,25,G,3.1546362939026
XG43,30,G,4.10665935672515
XG43,35,G,4.65321637426901
XG43,37.5,G,2.83035685141663
XG43,40,G,0.650976383992688
XG44,20,G,2.32835144927536
XG44,25,G,3.35838025525526
XG44,30,G,4.36614766081871
XG44,35,G,4.83607456140351
XG44,37.5,G,3.25949422248335
XG44,40,G,1.58819077229403
XG45,20,G,1.75290760869565
XG45,25,G,1.95380434782609
XG45,30,G,1.84986413043478
XG45,35,G,3.05194256756757
XG45,37.5,G,2.30819542368455
XG45,40,G,1.13437801932367
XG46,20,G,2.18953804347826
XG46,25,G,3.05480072463768
XG46,30,G,3.835
XG46,35,G,3.82027777777778
XG46,37.5,G,3.06451152239196
XG46,40,G,1.34452727183705
XG47,20,G,2.2398097826087
XG47,25,G,3.20410628019324
XG47,30,G,4.26609649122807
XG47,35,G,4.6608918128655
XG47,37.5,G,2.99739734299517
XG47,40,G,1.07418398804983
XG48,20,G,2.11730072463768
XG48,25,G,3.04891304347826
XG48,30,G,3.67638888888889
XG48,35,G,3.45227665165165
XG48,37.5,G,2.71399456521739
XG48,40,G,2.11345108695652
XG49,20,G,2.14130434782609
XG49,25,G,2.9795869238804
XG49,30,G,3.64871285759444
XG49,35,G,3.26527185079817
XG49,37.5,G,2.93882548309179
XG49,40,G,1.9567481884058
XG5,20,G,1.95742753623188
XG5,25,G,3.01626288410209
XG5,30,G,3.89219298245614
XG5,35,G,4.25848817118554
XG5,37.5,G,3.78611111111111
XG5,40,G,2.70084904091961
XG50,20,G,1.92391304347826
XG50,25,G,2.89107789855072
XG50,30,G,3.34370307807808
XG50,35,G,3.33984984984985
XG50,37.5,G,2.72576992753623
XG50,40,G,2.40964673913044
XG52,20,G,2.17119565217391
XG52,25,G,3.07155797101449
XG52,30,G,3.66805555555556
XG52,35,G,3.34122935435435
XG52,37.5,G,2.9942449242721
XG52,40,G,2.137621996997
XG53,20,G,1.74909420289855
XG53,25,G,2.48528079710145
XG53,30,G,3.35651276276276
XG53,35,G,3.11085814074945
XG53,37.5,G,2.71671195652174
XG53,40,G,2.35688405797101
XG54,20,G,1.649788647343
XG54,25,G,2.57789855072464
XG54,30,G,3.66416666666667
XG54,35,G,4.06611842105263
XG54,37.5,G,3.75916666666667
XG54,40,G,2.43500905797101
XG55,20,G,2.4429347826087
XG55,25,G,3.30213025525526
XG55,30,G,3.99777777777778
XG55,35,G,3.97152777777778
XG55,37.5,G,3.22664855072464
XG55,40,G,1.70776871980676
XG56,20,G,2.35824275362319
XG56,25,G,3.28031156156156
XG56,30,G,4.31661549707602
XG56,35,G,4.79243421052632
XG56,37.5,G,3.28925120772947
XG56,40,G,0.952791826353207
XG57,20,G,1.93500905797101
XG57,25,G,2.93523550724638
XG57,30,G,4.07565789473684
XG57,35,G,4.71827485380117
XG57,37.5,G,4.01576754385965
XG57,40,G,2.78207623384254
XG58,20,G,1.21103260869565
XG58,25,G,1.8455615942029
XG58,30,G,1.9861865942029
XG58,35,G,1.92866847826087
XG58,37.5,G,1.86616847826087
XG58,40,G,0.537817028985507
XG59,20,G,1.97556591918005
XG59,25,G,2.93772644927536
XG59,30,G,4.09138888888889
XG59,35,G,4.82989766081871
XG59,37.5,G,4.13305555555556
XG59,40,G,2.69384057971015
XG6,20,G,0.959166666666667
XG6,25,G,0.951069611807112
XG6,30,G,0.745954514296906
XG6,35,G,0.679803743961353
XG6,37.5,G,0.353182530356443
XG6,40,G,0.210328449630633
XG60,20,G,2.21240942028985
XG60,25,G,3.24432244744745
XG60,30,G,4.0525
XG60,35,G,4.4968932748538
XG60,37.5,G,3.10881185533359
XG60,40,G,0.854166666666667
XG61,20,G,2.00928442028985
XG61,25,G,2.66191123188406
XG61,30,G,3.67518581081081
XG61,35,G,3.97041666666667
XG61,37.5,G,3.32864301801802
XG61,40,G,2.35099637681159
XG62,20,G,1.59290132523828
XG62,25,G,2.44565217391304
XG62,30,G,2.66485507246377
XG62,35,G,1.67232789855072
XG62,37.5,G,0.796010004569787
XG62,40,G,0.301529128527841
XG63,20,G,2.1213768115942
XG63,25,G,2.87726449275362
XG63,30,G,3.39457125603865
XG63,35,G,2.88239530291161
XG63,37.5,G,2.47603260869565
XG63,40,G,1.59745479174827
XG64,20,G,1.21134947447447
XG64,25,G,1.8137711352657
XG64,30,G,1.88654891304348
XG64,35,G,1.96059782608696
XG64,37.5,G,1.89017210144928
XG64,40,G,0.530117753623188
XG65,20,G,1.99524456521739
XG65,25,G,2.97826086956522
XG65,30,G,3.97111111111111
XG65,35,G,4.80376461988304
XG65,37.5,G,3.98555555555556
XG65,40,G,2.74411231884058
XG66,20,G,2.21014492753623
XG66,25,G,3.00747282608696
XG66,30,G,4.1512134502924
XG66,35,G,4.54349415204678
XG66,37.5,G,3.33979166666667
XG66,40,G,0.858469202898551
XG67,20,G,1.86594202898551
XG67,25,G,2.7518115942029
XG67,30,G,3.45128190690691
XG67,35,G,3.20711336336336
XG67,37.5,G,2.63405797101449
XG67,40,G,2.43136342864604
XG68,20,G,2.24275362318841
XG68,25,G,3.03083178286983
XG68,30,G,3.99416666666667
XG68,35,G,4.47843567251462
XG68,37.5,G,3.30878019323672
XG68,40,G,0.741343925447186
XG69,20,G,1.99773550724638
XG69,25,G,3.01630434782609
XG69,30,G,3.85333333333333
XG69,35,G,4.41666666666667
XG69,37.5,G,3.69888888888889
XG69,40,G,2.78532608695652
XG7,20,G,2.03872282608696
XG7,25,G,3.06592908628107
XG7,30,G,3.9775
XG7,35,G,4.23624269005848
XG7,37.5,G,4.00861111111111
XG7,40,G,2.86981297942658
XG70,20,G,1.75905797101449
XG70,25,G,2.62998188405797
XG70,30,G,3.18569656613135
XG70,35,G,3.2204363330722
XG70,37.5,G,2.68229166666667
XG70,40,G,2.3695652173913
XG71,20,G,2.0018115942029
XG71,25,G,2.93229166666667
XG71,30,G,4.10277777777778
XG71,35,G,4.47383040935672
XG71,37.5,G,3.5013231981982
XG71,40,G,1.9669384057971
XG72,20,G,1.65896739130435
XG72,25,G,2.51313405797101
XG72,30,G,3.34468843843844
XG72,35,G,3.76361111111111
XG72,37.5,G,2.52958121164643
XG72,40,G,1.03709239130435
XG8,20,G,2.23709239130435
XG8,25,G,3.06333955407372
XG8,30,G,3.17329204204204
XG8,35,G,1.46319176964449
XG8,37.5,G,0.863451086956522
XG8,40,G,0.148021626399473
XG9,20,G,1.015625
XG9,25,G,1.55095108695652
XG9,30,G,1.8960597826087
XG9,35,G,1.91798364797864
XG9,37.5,G,1.53131793478261
XG9,40,G,1.05261273501763
